/*
SQLyog Ultimate v13.1.1 (64 bit)
MySQL - 8.0.27 : Database - vue-book
*********************************************************************
*/

/*!40101 SET NAMES utf8 */;

/*!40101 SET SQL_MODE = ''*/;

/*!40014 SET @OLD_UNIQUE_CHECKS = @@UNIQUE_CHECKS, UNIQUE_CHECKS = 0 */;
/*!40014 SET @OLD_FOREIGN_KEY_CHECKS = @@FOREIGN_KEY_CHECKS, FOREIGN_KEY_CHECKS = 0 */;
/*!40101 SET @OLD_SQL_MODE = @@SQL_MODE, SQL_MODE = 'NO_AUTO_VALUE_ON_ZERO' */;
/*!40111 SET @OLD_SQL_NOTES = @@SQL_NOTES, SQL_NOTES = 0 */;
CREATE DATABASE /*!32312 IF NOT EXISTS */`vue-book` /*!40100 DEFAULT CHARACTER SET utf8mb4 COLLATE utf8mb4_0900_ai_ci */ /*!80016 DEFAULT ENCRYPTION='N' */;

USE `vue-book`;

/*Table structure for table `apply_change` */

DROP TABLE IF EXISTS `apply_change`;

CREATE TABLE `apply_change`
(
    `apply_id`         int NOT NULL AUTO_INCREMENT COMMENT '调换id',
    `apply_user_id`    int                                                   DEFAULT NULL COMMENT '申请人id',
    `apply_user_name`  varchar(64) CHARACTER SET utf8mb4 COLLATE utf8mb4_bin DEFAULT NULL COMMENT '申请人姓名',
    `apply_bed_id`     int                                                   DEFAULT NULL COMMENT '申请人床位id',
    `apply_bed_code`   varchar(36) CHARACTER SET utf8mb4 COLLATE utf8mb4_bin DEFAULT NULL COMMENT '申请人床位编号',
    `change_user_id`   int                                                   DEFAULT NULL COMMENT '调换人id',
    `change_user_name` varchar(64) CHARACTER SET utf8mb4 COLLATE utf8mb4_bin DEFAULT NULL COMMENT '调换人姓名',
    `change_bed_id`    int                                                   DEFAULT NULL COMMENT '调换人的床位id',
    `change_bed_code`  varchar(36) CHARACTER SET utf8mb4 COLLATE utf8mb4_bin DEFAULT NULL COMMENT '调换人的床位编号',
    `status`           varchar(2) CHARACTER SET utf8mb4 COLLATE utf8mb4_bin  DEFAULT NULL COMMENT '0：待审核 1：审核通过 2：拒绝',
    PRIMARY KEY (`apply_id`) USING BTREE
) ENGINE = InnoDB
  AUTO_INCREMENT = 5
  DEFAULT CHARSET = utf8mb4
  COLLATE = utf8mb4_bin
  ROW_FORMAT = DYNAMIC;

/*Data for the table `apply_change` */

insert into `apply_change`(`apply_id`, `apply_user_id`, `apply_user_name`, `apply_bed_id`, `apply_bed_code`,
                           `change_user_id`, `change_user_name`, `change_bed_id`, `change_bed_code`, `status`)
values (3, 8, '李四', 44, 'A103-2', 14, '张明华', 45, 'A103-3', '1'),
       (4, 47, '喜羊羊', 40, 'A101-1', 47, '喜羊羊', 40, 'A101-1', '1');

/*Table structure for table `assign_bed` */

DROP TABLE IF EXISTS `assign_bed`;

CREATE TABLE `assign_bed`
(
    `assign_id` int NOT NULL AUTO_INCREMENT COMMENT '主键',
    `bed_id`    int DEFAULT NULL COMMENT '床位id',
    `class_id`  int DEFAULT NULL COMMENT '班级id',
    PRIMARY KEY (`assign_id`) USING BTREE
) ENGINE = InnoDB
  AUTO_INCREMENT = 267
  DEFAULT CHARSET = utf8mb4
  COLLATE = utf8mb4_bin
  ROW_FORMAT = DYNAMIC;

/*Data for the table `assign_bed` */

insert into `assign_bed`(`assign_id`, `bed_id`, `class_id`)
values (161, 770, 10),
       (162, 771, 10),
       (163, 772, 10),
       (164, 791, 12),
       (165, 792, 12),
       (166, 793, 12),
       (167, 794, 12),
       (168, 644, 11),
       (169, 645, 11),
       (170, 646, 11),
       (171, 647, 11),
       (172, 648, 11),
       (173, 649, 11),
       (174, 604, 2),
       (175, 605, 2),
       (176, 606, 2),
       (177, 607, 2),
       (186, 803, 5),
       (187, 804, 5),
       (188, 805, 5),
       (189, 806, 5),
       (190, 650, 6),
       (191, 651, 6),
       (192, 652, 6),
       (193, 653, 6),
       (194, 654, 6),
       (195, 655, 6),
       (196, 608, 8),
       (197, 609, 8),
       (198, 773, 4),
       (201, 140, 10),
       (202, 141, 10),
       (203, 142, 10),
       (204, 143, 10),
       (205, 144, 10),
       (206, 145, 10),
       (207, 524, 5),
       (208, 525, 5),
       (209, 526, 5),
       (210, 527, 5),
       (211, 528, 5),
       (212, 529, 5),
       (213, 530, 5),
       (214, 531, 5),
       (216, 777, 4),
       (217, 532, 5),
       (218, 533, 5),
       (221, 53, 5),
       (222, 54, 5),
       (223, 55, 5),
       (224, 56, 5),
       (255, 1129, 3),
       (256, 1130, 3),
       (257, 1131, 3),
       (258, 1132, 3),
       (259, 1133, 3),
       (260, 1134, 3),
       (261, 1135, 3),
       (262, 1136, 3),
       (263, 1137, 3),
       (264, 1138, 3),
       (265, 1139, 3),
       (266, 1140, 3);

/*Table structure for table `dorm_room` */

DROP TABLE IF EXISTS `dorm_room`;

CREATE TABLE `dorm_room`
(
    `room_id`   int NOT NULL AUTO_INCREMENT COMMENT '宿舍id',
    `storey_id` int                                                   DEFAULT NULL COMMENT '层数id',
    `root_type` varchar(10) CHARACTER SET utf8mb4 COLLATE utf8mb4_bin DEFAULT NULL COMMENT '宿舍编号 1:1人间 2：2人间 5:5人间  6:6人间',
    `room_code` varchar(36) CHARACTER SET utf8mb4 COLLATE utf8mb4_bin DEFAULT NULL COMMENT '宿舍编号',
    `total_bed` int                                                   DEFAULT NULL COMMENT '容纳人数',
    PRIMARY KEY (`room_id`) USING BTREE
) ENGINE = InnoDB
  AUTO_INCREMENT = 723
  DEFAULT CHARSET = utf8mb4
  COLLATE = utf8mb4_bin
  ROW_FORMAT = DYNAMIC;

/*Data for the table `dorm_room` */

insert into `dorm_room`(`room_id`, `storey_id`, `root_type`, `room_code`, `total_bed`)
values (43, 18, '5', 'B101', 5),
       (44, 18, '5', 'B102', 5),
       (45, 18, '5', 'B103', 4),
       (46, 18, '5', 'B104', 4),
       (47, 18, '5', 'B105', 4),
       (48, 18, '5', 'B106', 4),
       (49, 18, '5', 'B107', 4),
       (50, 18, '5', 'B108', 4),
       (51, 18, '5', 'B109', 4),
       (52, 18, '5', 'B110', 4),
       (53, 18, '5', 'B111', 4),
       (54, 18, '5', 'B112', 4),
       (55, 18, '5', 'B113', 4),
       (56, 18, '5', 'B114', 4),
       (57, 18, '5', 'B115', 4),
       (58, 18, '5', 'B116', 4),
       (59, 18, '5', 'B117', 4),
       (60, 18, '5', 'B118', 4),
       (61, 18, '5', 'B119', 4),
       (62, 18, '5', 'B120', 4),
       (63, 22, '6', 'C10001', 6),
       (64, 22, '6', 'C10002', 6),
       (65, 22, '6', 'C10003', 6),
       (66, 22, '6', 'C10004', 6),
       (67, 22, '6', 'C10005', 6),
       (68, 22, '6', 'C10006', 6),
       (69, 22, '6', 'C10007', 6),
       (70, 22, '6', 'C10008', 6),
       (71, 22, '6', 'C10009', 6),
       (72, 22, '6', 'C10010', 6),
       (73, 22, '6', 'C10011', 6),
       (74, 22, '6', 'C10012', 6),
       (75, 22, '6', 'C10013', 6),
       (76, 22, '6', 'C10014', 6),
       (77, 22, '6', 'C10015', 6),
       (78, 22, '6', 'C10016', 6),
       (79, 22, '6', 'C10017', 6),
       (80, 22, '6', 'C10018', 6),
       (81, 22, '6', 'C10019', 6),
       (82, 22, '6', 'C10020', 6),
       (83, 22, '6', 'C10021', 6),
       (84, 22, '6', 'C10022', 6),
       (85, 22, '6', 'C10023', 6),
       (86, 22, '6', 'C10024', 6),
       (87, 22, '6', 'C10025', 6),
       (88, 22, '6', 'C10026', 6),
       (89, 22, '6', 'C10027', 6),
       (90, 22, '6', 'C10028', 6),
       (91, 22, '6', 'C10029', 6),
       (92, 22, '6', 'C10030', 6),
       (96, 17, '5', 'B200', 5),
       (97, 17, '5', 'B201', 4),
       (98, 17, '5', 'B202', 4),
       (99, 17, '5', 'B203', 4),
       (100, 17, '5', 'B204', 4),
       (101, 17, '5', 'B205', 4),
       (102, 17, '5', 'B206', 4),
       (103, 17, '5', 'B207', 4),
       (104, 17, '5', 'B208', 4),
       (105, 17, '5', 'B209', 4),
       (106, 17, '5', 'B210', 4),
       (107, 17, '5', 'B211', 4),
       (108, 17, '5', 'B212', 4),
       (109, 17, '5', 'B213', 4),
       (110, 17, '5', 'B214', 4),
       (111, 17, '5', 'B215', 4),
       (112, 17, '5', 'B216', 4),
       (113, 17, '5', 'B217', 4),
       (114, 17, '5', 'B218', 4),
       (115, 17, '5', 'B219', 4),
       (116, 17, '5', 'B220', 4),
       (117, 17, '5', 'B221', 4),
       (118, 17, '5', 'B222', 4),
       (119, 17, '5', 'B223', 4),
       (120, 17, '5', 'B224', 4),
       (121, 17, '5', 'B225', 4),
       (122, 17, '5', 'B226', 4),
       (123, 17, '5', 'B227', 4),
       (124, 17, '5', 'B228', 4),
       (125, 17, '5', 'B229', 4),
       (126, 17, '5', 'B230', 4),
       (127, 17, '5', 'B231', 4),
       (128, 17, '5', 'B232', 4),
       (129, 17, '5', 'B233', 4),
       (130, 17, '5', 'B234', 4),
       (131, 17, '5', 'B235', 4),
       (132, 17, '5', 'B236', 4),
       (133, 17, '5', 'B237', 4),
       (134, 17, '5', 'B238', 4),
       (135, 17, '5', 'B239', 4),
       (136, 17, '5', 'B240', 4),
       (137, 17, '5', 'B241', 4),
       (138, 17, '5', 'B242', 4),
       (139, 17, '5', 'B243', 4),
       (140, 17, '5', 'B244', 4),
       (141, 17, '5', 'B245', 4),
       (142, 17, '5', 'B246', 4),
       (143, 17, '5', 'B247', 4),
       (144, 17, '5', 'B248', 4),
       (145, 17, '5', 'B249', 4),
       (146, 17, '5', 'B250', 4),
       (147, 32, '5', 'D101', 4),
       (148, 32, '5', 'D102', 4),
       (149, 32, '5', 'D103', 4),
       (150, 32, '5', 'D104', 4),
       (151, 32, '5', 'D105', 4),
       (152, 32, '5', 'D106', 4),
       (153, 32, '5', 'D107', 4),
       (154, 32, '5', 'D108', 4),
       (155, 32, '5', 'D109', 4),
       (156, 32, '5', 'D110', 4),
       (157, 32, '5', 'D111', 4),
       (158, 32, '5', 'D112', 4),
       (159, 32, '5', 'D113', 4),
       (160, 32, '5', 'D114', 4),
       (161, 32, '5', 'D115', 4),
       (162, 32, '5', 'D116', 4),
       (163, 32, '5', 'D117', 4),
       (164, 32, '5', 'D118', 4),
       (165, 32, '5', 'D119', 4),
       (166, 32, '5', 'D120', 4),
       (167, 38, '2', 'E301', 2),
       (168, 38, '2', 'E302', 2),
       (169, 38, '2', 'E303', 2),
       (170, 38, '2', 'E304', 2),
       (171, 38, '2', 'E305', 2),
       (172, 38, '2', 'E306', 2),
       (173, 38, '2', 'E307', 2),
       (174, 38, '2', 'E308', 2),
       (175, 38, '2', 'E309', 2),
       (176, 38, '2', 'E310', 2),
       (177, 38, '2', 'E311', 2),
       (178, 38, '2', 'E312', 2),
       (179, 38, '2', 'E313', 2),
       (180, 38, '2', 'E314', 2),
       (181, 38, '2', 'E315', 2),
       (182, 38, '2', 'E316', 2),
       (183, 38, '2', 'E317', 2),
       (184, 38, '2', 'E318', 2),
       (185, 38, '2', 'E319', 2),
       (186, 38, '2', 'E320', 2),
       (187, 45, '6', 'F601', 6),
       (188, 45, '6', 'F602', 6),
       (189, 45, '6', 'F603', 6),
       (190, 45, '6', 'F604', 6),
       (191, 45, '6', 'F605', 6),
       (192, 45, '6', 'F606', 6),
       (193, 45, '6', 'F607', 6),
       (194, 45, '6', 'F608', 6),
       (195, 45, '6', 'F609', 6),
       (196, 45, '6', 'F610', 6),
       (197, 45, '6', 'F611', 6),
       (198, 45, '6', 'F612', 6),
       (199, 45, '6', 'F613', 6),
       (200, 45, '6', 'F614', 6),
       (201, 45, '6', 'F615', 6),
       (202, 45, '6', 'F616', 6),
       (203, 45, '6', 'F617', 6),
       (204, 45, '6', 'F618', 6),
       (205, 45, '6', 'F619', 6),
       (206, 45, '6', 'F620', 6),
       (207, 45, '6', 'F621', 6),
       (208, 51, '1', 'G701', 1),
       (209, 51, '1', 'G702', 1),
       (210, 51, '1', 'G703', 1),
       (211, 51, '1', 'G704', 1),
       (212, 51, '1', 'G705', 1),
       (213, 51, '1', 'G706', 1),
       (214, 51, '1', 'G707', 1),
       (215, 51, '1', 'G708', 1),
       (216, 51, '1', 'G709', 1),
       (217, 51, '1', 'G710', 1),
       (218, 51, '1', 'G711', 1),
       (219, 51, '1', 'G712', 1),
       (220, 51, '1', 'G713', 1),
       (221, 51, '1', 'G714', 1),
       (222, 51, '1', 'G715', 1),
       (223, 51, '1', 'G716', 1),
       (224, 51, '1', 'G717', 1),
       (225, 51, '1', 'G718', 1),
       (226, 51, '1', 'G719', 1),
       (227, 51, '1', 'G720', 1),
       (228, 51, '1', 'G721', 1),
       (229, 57, '2', '9001', 2),
       (230, 57, '2', '9002', 2),
       (231, 57, '2', '9003', 2),
       (232, 57, '2', '9004', 2),
       (233, 57, '2', '9005', 2),
       (234, 57, '2', '9006', 2),
       (235, 57, '2', '9007', 2),
       (236, 57, '2', '9008', 2),
       (237, 57, '2', '9009', 2),
       (238, 57, '2', '9010', 2),
       (239, 63, '5', 'N101', 4),
       (240, 63, '5', 'N102', 4),
       (241, 63, '5', 'N103', 4),
       (242, 63, '5', 'N104', 4),
       (243, 63, '5', 'N105', 4),
       (244, 63, '5', 'N106', 4),
       (245, 63, '5', 'N107', 4),
       (246, 63, '5', 'N108', 4),
       (247, 63, '5', 'N109', 4),
       (248, 63, '5', 'N110', 4),
       (249, 86, '5', 'M501', 4),
       (250, 86, '5', 'M502', 4),
       (251, 86, '5', 'M503', 4),
       (252, 86, '5', 'M504', 4),
       (253, 86, '5', 'M505', 4),
       (254, 86, '5', 'M506', 4),
       (255, 86, '5', 'M507', 4),
       (256, 86, '5', 'M508', 4),
       (257, 86, '5', 'M509', 4),
       (258, 86, '5', 'M510', 4),
       (264, 19, '6', '104', 6),
       (265, 19, '6', '105', 6),
       (266, 19, '6', '106', 6),
       (267, 19, '6', '107', 6),
       (268, 19, '6', '108', 6),
       (269, 19, '6', '109', 6),
       (270, 19, '2', '110', 2),
       (271, 19, '2', '111', 2),
       (272, 19, '2', '112', 2),
       (273, 19, '2', '113', 2),
       (274, 19, '2', '114', 2),
       (275, 19, '2', '115', 2),
       (276, 19, '2', '116', 2),
       (277, 19, '2', '117', 2),
       (278, 19, '2', '118', 2),
       (279, 19, '2', '119', 2),
       (280, 19, '2', '120', 2),
       (281, 20, '2', '1', 2),
       (282, 20, '2', '2', 2),
       (283, 20, '2', '3', 2),
       (284, 20, '2', '4', 2),
       (285, 20, '2', '5', 2),
       (286, 20, '2', '6', 2),
       (287, 20, '2', '7', 2),
       (288, 20, '2', '8', 2),
       (289, 20, '2', '9', 2),
       (290, 48, '5', 'A100', 4),
       (291, 48, '5', 'A106', 4),
       (292, 48, '5', 'A107', 4),
       (293, 48, '5', 'A108', 4),
       (294, 48, '5', 'A109', 4),
       (295, 48, '5', 'A110', 4),
       (311, 114, '1', '100', 1),
       (312, 114, '1', '101', 1),
       (313, 114, '1', '102', 1),
       (314, 114, '1', '103', 1),
       (315, 120, '6', 'C100', 6),
       (316, 120, '6', 'C101', 6),
       (317, 120, '6', 'C102', 6),
       (318, 120, '6', 'C103', 6),
       (319, 120, '6', 'C104', 6),
       (320, 120, '6', 'C105', 6),
       (321, 120, '6', 'C106', 6),
       (322, 120, '6', 'C107', 6),
       (323, 120, '6', 'C108', 6),
       (325, 120, '6', 'C110', 6),
       (326, 21, '5', 'Z100', 4),
       (327, 21, '5', 'Z101', 4),
       (328, 21, '5', 'Z102', 4),
       (329, 21, '5', 'Z103', 4),
       (330, 21, '5', 'Z104', 4),
       (331, 21, '5', 'Z105', 4),
       (332, 21, '5', 'Z106', 4),
       (333, 21, '5', 'Z107', 4),
       (334, 21, '5', 'Z108', 4),
       (335, 21, '5', 'Z109', 4),
       (336, 21, '5', 'Z110', 4),
       (337, 132, '6', '10', 6),
       (338, 132, '6', '11', 6),
       (339, 132, '6', '12', 6),
       (340, 132, '5', '13', 4),
       (341, 132, '5', '14', 4),
       (342, 132, '5', '15', 4),
       (343, 132, '5', '16', 4),
       (344, 132, '5', '17', 4),
       (345, 132, '5', '18', 4),
       (346, 132, '5', '19', 4),
       (347, 132, '5', '20', 4),
       (348, 132, '5', '21', 4),
       (349, 132, '5', '22', 4),
       (350, 132, '5', '23', 4),
       (351, 132, '5', '24', 4),
       (352, 132, '5', '25', 4),
       (353, 39, '5', 'qq5', 4),
       (354, 39, '5', 'qq6', 4),
       (355, 39, '5', 'qq7', 4),
       (356, 39, '5', 'qq8', 4),
       (357, 39, '5', 'qq9', 4),
       (358, 39, '5', 'qq10', 4),
       (359, 39, '5', 'qq11', 4),
       (360, 39, '5', 'qq12', 4),
       (361, 39, '5', 'qq13', 4),
       (362, 39, '5', 'qq14', 4),
       (363, 39, '5', 'qq15', 4),
       (364, 39, '5', 'qq16', 4),
       (365, 39, '5', 'qq17', 4),
       (366, 39, '5', 'qq18', 4),
       (367, 39, '5', 'qq19', 4),
       (368, 153, '6', 'QQ1', 6),
       (369, 153, '6', 'QQ2', 6),
       (370, 153, '6', 'QQ3', 6),
       (371, 153, '6', 'QQ4', 6),
       (372, 153, '6', 'QQ5', 6),
       (373, 153, '6', 'QQ6', 6),
       (374, 153, '6', 'QQ7', 6),
       (375, 153, '6', 'QQ8', 6),
       (376, 153, '6', 'QQ9', 6),
       (377, 153, '6', 'QQ10', 6),
       (378, 153, '6', 'QQ11', 6),
       (384, 159, '6', 'A101', 6),
       (385, 159, '6', 'A102', 6),
       (386, 159, '6', 'A103', 6),
       (387, 159, '6', 'A104', 6),
       (388, 159, '6', 'A111', 6),
       (389, 159, '6', 'A112', 6),
       (390, 159, '6', 'A113', 6),
       (391, 159, '6', 'A114', 6),
       (392, 159, '6', 'A115', 6),
       (393, 171, '6', 'A105', 6),
       (394, 176, '6', 'H101', 6),
       (395, 176, '6', 'H102', 6),
       (396, 176, '6', 'H103', 6),
       (397, 176, '6', 'H104', 6),
       (398, 176, '6', 'H105', 6),
       (399, 176, '6', 'H106', 6),
       (400, 176, '6', 'H107', 6),
       (401, 176, '6', 'H108', 6),
       (402, 176, '6', 'H109', 6),
       (403, 176, '6', 'H110', 6),
       (404, 82, '5', 'C601', 5),
       (405, 82, '5', 'C602', 5),
       (406, 82, '5', 'C603', 5),
       (407, 82, '5', 'C604', 5),
       (408, 82, '5', 'C605', 5),
       (409, 82, '5', 'C606', 5),
       (410, 82, '5', 'C607', 5),
       (411, 82, '5', 'C608', 5),
       (412, 82, '5', 'C609', 5),
       (413, 82, '5', 'C610', 5),
       (414, NULL, NULL, NULL, NULL),
       (415, 18, '5', 'C201', 5),
       (416, 18, '5', 'C202', 5),
       (417, 18, '5', 'C203', 5),
       (418, 18, '5', 'C204', 5),
       (419, 18, '5', 'C205', 5),
       (420, 18, '5', 'C206', 5),
       (421, 18, '5', 'C207', 5),
       (422, 18, '5', 'C208', 5),
       (423, 18, '5', 'C209', 5),
       (424, 18, '5', 'C210', 5),
       (425, 40, '5', 'F301', 5),
       (426, 40, '5', 'F302', 5),
       (427, 40, '5', 'F303', 5),
       (428, 40, '5', 'F304', 5),
       (429, 40, '5', 'F305', 5),
       (430, 40, '5', 'F306', 5),
       (431, 40, '5', 'F307', 5),
       (432, 40, '5', 'F308', 5),
       (433, 40, '5', 'F309', 5),
       (434, 40, '5', 'F310', 5),
       (435, 40, '5', 'F311', 5),
       (436, 40, '5', 'F312', 5),
       (437, 40, '5', 'F313', 5),
       (438, 40, '5', 'F314', 5),
       (439, 40, '5', 'F315', 5),
       (440, 17, '5', 'B251', 5),
       (441, 17, '5', 'B252', 5),
       (442, 17, '5', 'B253', 5),
       (443, 17, '5', 'B254', 5),
       (444, 17, '5', 'B255', 5),
       (445, 17, '5', 'B256', 5),
       (446, 17, '5', 'B257', 5),
       (447, 17, '5', 'B258', 5),
       (448, 17, '5', 'B259', 5),
       (449, 17, '5', 'B260', 5),
       (450, 17, '5', 'B261', 5),
       (451, 17, '5', 'B262', 5),
       (452, 17, '5', 'B263', 5),
       (453, 17, '5', 'B264', 5),
       (454, 17, '5', 'B265', 5),
       (455, 17, '5', 'B266', 5),
       (456, 17, '5', 'B267', 5),
       (457, 17, '5', 'B268', 5),
       (458, 17, '5', 'B269', 5),
       (459, 17, '5', 'B270', 5),
       (460, 17, '5', 'B271', 5),
       (461, 17, '5', 'B272', 5),
       (462, 17, '5', 'B273', 5),
       (463, 17, '5', 'B274', 5),
       (464, 17, '5', 'B275', 5),
       (465, 17, '5', 'B276', 5),
       (466, 17, '5', 'B277', 5),
       (467, 17, '5', 'B278', 5),
       (468, 17, '5', 'B279', 5),
       (469, 17, '5', 'B280', 5),
       (470, 17, '5', 'B281', 5),
       (471, 17, '5', 'B282', 5),
       (472, 17, '5', 'B283', 5),
       (473, 17, '5', 'B284', 5),
       (474, 17, '5', 'B285', 5),
       (475, 17, '5', 'B286', 5),
       (476, 17, '5', 'B287', 5),
       (477, 17, '5', 'B288', 5),
       (478, 17, '5', 'B289', 5),
       (479, 17, '5', 'B290', 5),
       (480, 17, '5', 'B291', 5),
       (481, 17, '5', 'B292', 5),
       (482, 17, '5', 'B293', 5),
       (483, 17, '5', 'B294', 5),
       (484, 17, '5', 'B295', 5),
       (485, 17, '5', 'B296', 5),
       (486, 17, '5', 'B297', 5),
       (487, 17, '5', 'B298', 5),
       (488, 17, '5', 'B299', 5),
       (489, 17, '5', 'B300', 5),
       (490, 17, '5', 'B301', 5),
       (491, 17, '5', 'B302', 5),
       (492, 17, '5', 'B303', 5),
       (493, 17, '5', 'B304', 5),
       (494, 17, '5', 'B305', 5),
       (495, 17, '5', 'B306', 5),
       (496, 17, '5', 'B307', 5),
       (497, 17, '5', 'B308', 5),
       (498, 17, '5', 'B309', 5),
       (499, 17, '5', 'B310', 5),
       (500, 17, '5', 'B311', 5),
       (501, 17, '5', 'B312', 5),
       (502, 17, '5', 'B313', 5),
       (503, 17, '5', 'B314', 5),
       (504, 17, '5', 'B315', 5),
       (505, 17, '5', 'B316', 5),
       (506, 17, '5', 'B317', 5),
       (507, 17, '5', 'B318', 5),
       (508, 17, '5', 'B319', 5),
       (509, 17, '5', 'B320', 5),
       (510, 17, '5', 'B321', 5),
       (511, 17, '5', 'B322', 5),
       (512, 17, '5', 'B323', 5),
       (513, 17, '5', 'B324', 5),
       (514, 17, '5', 'B325', 5),
       (515, 17, '5', 'B326', 5),
       (516, 17, '5', 'B327', 5),
       (517, 17, '5', 'B328', 5),
       (518, 17, '5', 'B329', 5),
       (519, 17, '5', 'B330', 5),
       (520, 17, '5', 'B331', 5),
       (521, 17, '5', 'B332', 5),
       (522, 17, '5', 'B333', 5),
       (523, 17, '5', 'B334', 5),
       (524, 17, '5', 'B335', 5),
       (525, 17, '5', 'B336', 5),
       (526, 17, '5', 'B337', 5),
       (527, 17, '5', 'B338', 5),
       (528, 17, '5', 'B339', 5),
       (529, 17, '5', 'B340', 5),
       (530, 17, '5', 'B341', 5),
       (531, 17, '5', 'B342', 5),
       (532, 17, '5', 'B343', 5),
       (533, 17, '5', 'B344', 5),
       (534, 17, '5', 'B345', 5),
       (535, 17, '5', 'B346', 5),
       (536, 17, '5', 'B347', 5),
       (537, 17, '5', 'B348', 5),
       (538, 17, '5', 'B349', 5),
       (539, 17, '5', 'B350', 5),
       (540, 17, '5', 'B351', 5),
       (541, 17, '5', 'B352', 5),
       (542, 17, '5', 'B353', 5),
       (543, 17, '5', 'B354', 5),
       (544, 17, '5', 'B355', 5),
       (545, 17, '5', 'B356', 5),
       (546, 17, '5', 'B357', 5),
       (547, 17, '5', 'B358', 5),
       (548, 17, '5', 'B359', 5),
       (549, 17, '5', 'B360', 5),
       (550, 17, '5', 'B361', 5),
       (551, 17, '5', 'B362', 5),
       (552, 17, '5', 'B363', 5),
       (553, 17, '5', 'B364', 5),
       (554, 17, '5', 'B365', 5),
       (555, 17, '5', 'B366', 5),
       (556, 17, '5', 'B367', 5),
       (557, 17, '5', 'B368', 5),
       (558, 17, '5', 'B369', 5),
       (559, 17, '5', 'B370', 5),
       (560, 17, '5', 'B371', 5),
       (561, 17, '5', 'B372', 5),
       (562, 17, '5', 'B373', 5),
       (563, 17, '5', 'B374', 5),
       (564, 17, '5', 'B375', 5),
       (565, 17, '5', 'B376', 5),
       (566, 17, '5', 'B377', 5),
       (567, 17, '5', 'B378', 5),
       (568, 17, '5', 'B379', 5),
       (569, 17, '5', 'B380', 5),
       (570, 17, '5', 'B381', 5),
       (571, 17, '5', 'B382', 5),
       (572, 17, '5', 'B383', 5),
       (573, 17, '5', 'B384', 5),
       (574, 17, '5', 'B385', 5),
       (575, 17, '5', 'B386', 5),
       (576, 17, '5', 'B387', 5),
       (577, 17, '5', 'B388', 5),
       (578, 17, '5', 'B389', 5),
       (579, 17, '5', 'B390', 5),
       (580, 17, '5', 'B391', 5),
       (581, 17, '5', 'B392', 5),
       (582, 17, '5', 'B393', 5),
       (583, 17, '5', 'B394', 5),
       (584, 17, '5', 'B395', 5),
       (585, 17, '5', 'B396', 5),
       (586, 17, '5', 'B397', 5),
       (587, 17, '5', 'B398', 5),
       (588, 17, '5', 'B399', 5),
       (589, 17, '5', 'B400', 5),
       (590, 17, '5', 'B401', 5),
       (591, 17, '5', 'B402', 5),
       (592, 17, '5', 'B403', 5),
       (593, 17, '5', 'B404', 5),
       (594, 17, '5', 'B405', 5),
       (595, 17, '5', 'B406', 5),
       (596, 17, '5', 'B407', 5),
       (597, 17, '5', 'B408', 5),
       (598, 17, '5', 'B409', 5),
       (599, 17, '5', 'B410', 5),
       (600, 17, '5', 'B411', 5),
       (601, 17, '5', 'B412', 5),
       (602, 17, '5', 'B413', 5),
       (603, 17, '5', 'B414', 5),
       (604, 17, '5', 'B415', 5),
       (605, 17, '5', 'B416', 5),
       (606, 17, '5', 'B417', 5),
       (607, 17, '5', 'B418', 5),
       (608, 17, '5', 'B419', 5),
       (609, 17, '5', 'B420', 5),
       (610, 17, '5', 'B421', 5),
       (611, 17, '5', 'B422', 5),
       (612, 17, '5', 'B423', 5),
       (613, 17, '5', 'B424', 5),
       (614, 17, '5', 'B425', 5),
       (615, 17, '5', 'B426', 5),
       (616, 17, '5', 'B427', 5),
       (617, 17, '5', 'B428', 5),
       (618, 17, '5', 'B429', 5),
       (619, 17, '5', 'B430', 5),
       (620, 17, '5', 'B431', 5),
       (621, 17, '5', 'B432', 5),
       (622, 17, '5', 'B433', 5),
       (623, 17, '5', 'B434', 5),
       (624, 17, '5', 'B435', 5),
       (625, 17, '5', 'B436', 5),
       (626, 17, '5', 'B437', 5),
       (627, 17, '5', 'B438', 5),
       (628, 17, '5', 'B439', 5),
       (629, 17, '5', 'B440', 5),
       (630, 17, '5', 'B441', 5),
       (631, 17, '5', 'B442', 5),
       (632, 17, '5', 'B443', 5),
       (633, 17, '5', 'B444', 5),
       (634, 17, '5', 'B445', 5),
       (635, 17, '5', 'B446', 5),
       (636, 17, '5', 'B447', 5),
       (637, 17, '5', 'B448', 5),
       (638, 17, '5', 'B449', 5),
       (639, 17, '5', 'B450', 5),
       (640, 17, '5', 'B451', 5),
       (641, 17, '5', 'B452', 5),
       (642, 17, '5', 'B453', 5),
       (643, 17, '5', 'B454', 5),
       (644, 17, '5', 'B455', 5),
       (645, 17, '5', 'B456', 5),
       (646, 17, '5', 'B457', 5),
       (647, 17, '5', 'B458', 5),
       (648, 17, '5', 'B459', 5),
       (649, 17, '5', 'B460', 5),
       (650, 17, '5', 'B461', 5),
       (651, 17, '5', 'B462', 5),
       (652, 17, '5', 'B463', 5),
       (653, 17, '5', 'B464', 5),
       (654, 17, '5', 'B465', 5),
       (655, 17, '5', 'B466', 5),
       (656, 17, '5', 'B467', 5),
       (657, 17, '5', 'B468', 5),
       (658, 17, '5', 'B469', 5),
       (659, 17, '5', 'B470', 5),
       (660, 17, '5', 'B471', 5),
       (661, 17, '5', 'B472', 5),
       (662, 17, '5', 'B473', 5),
       (663, 17, '5', 'B474', 5),
       (664, 17, '5', 'B475', 5),
       (665, 17, '5', 'B476', 5),
       (666, 17, '5', 'B477', 5),
       (667, 17, '5', 'B478', 5),
       (668, 17, '5', 'B479', 5),
       (669, 17, '5', 'B480', 5),
       (670, 17, '5', 'B481', 5),
       (671, 17, '5', 'B482', 5),
       (672, 17, '5', 'B483', 5),
       (673, 17, '5', 'B484', 5),
       (674, 17, '5', 'B485', 5),
       (675, 17, '5', 'B486', 5),
       (676, 17, '5', 'B487', 5),
       (677, 17, '5', 'B488', 5),
       (678, 17, '5', 'B489', 5),
       (679, 17, '5', 'B490', 5),
       (680, 17, '5', 'B491', 5),
       (681, 17, '5', 'B492', 5),
       (682, 17, '5', 'B493', 5),
       (683, 17, '5', 'B494', 5),
       (684, 17, '5', 'B495', 5),
       (685, 17, '5', 'B496', 5),
       (686, 17, '5', 'B497', 5),
       (687, 17, '5', 'B498', 5),
       (688, 17, '5', 'B499', 5),
       (689, 17, '5', 'B500', 5),
       (690, 17, '5', 'B501', 5),
       (691, 17, '5', 'B502', 5),
       (692, 17, '5', 'B503', 5),
       (693, 17, '5', 'B504', 5),
       (694, 17, '5', 'B505', 5),
       (695, 17, '5', 'B506', 5),
       (696, 17, '5', 'B507', 5),
       (697, 17, '5', 'B508', 5),
       (698, 17, '5', 'B509', 5),
       (699, 17, '5', 'B510', 5),
       (700, 17, '5', 'B511', 5),
       (701, 17, '5', 'B512', 5),
       (702, 17, '5', 'B513', 5),
       (703, 17, '5', 'B514', 5),
       (704, 17, '5', 'B515', 5),
       (705, 17, '5', 'B516', 5),
       (706, 17, '5', 'B517', 5),
       (707, 17, '5', 'B518', 5),
       (708, 17, '5', 'B519', 5),
       (709, 17, '5', 'B520', 5),
       (710, 17, '5', 'B521', 5),
       (711, 17, '5', 'B522', 5),
       (712, 17, '5', 'B523', 5),
       (713, 17, '5', 'B524', 5),
       (714, 17, '5', 'B525', 5),
       (715, 186, '5', 'A909', 5),
       (716, 186, '5', 'A910', 5),
       (717, 186, '5', 'A911', 5),
       (718, 186, '5', 'A912', 5),
       (719, 186, '5', 'A913', 5),
       (720, 186, '5', 'A914', 5),
       (721, 186, '5', 'A915', 5),
       (722, 186, '5', 'A916', 5);

/*Table structure for table `drom_build` */

DROP TABLE IF EXISTS `drom_build`;

CREATE TABLE `drom_build`
(
    `build_id`     int NOT NULL AUTO_INCREMENT COMMENT '栋数id',
    `user_id`      int                                                   DEFAULT NULL COMMENT '管理员id',
    `build_storey` int                                                   DEFAULT NULL COMMENT '层数',
    `sex`          varchar(2) CHARACTER SET utf8mb4 COLLATE utf8mb4_bin  DEFAULT NULL COMMENT '性别 0：男 1：女',
    `build_name`   varchar(36) CHARACTER SET utf8mb4 COLLATE utf8mb4_bin DEFAULT NULL COMMENT '栋数名称',
    PRIMARY KEY (`build_id`) USING BTREE
) ENGINE = InnoDB
  AUTO_INCREMENT = 69
  DEFAULT CHARSET = utf8mb4
  COLLATE = utf8mb4_bin
  ROW_FORMAT = DYNAMIC;

/*Data for the table `drom_build` */

insert into `drom_build`(`build_id`, `user_id`, `build_storey`, `sex`, `build_name`)
values (3, 14, 6, '0', '1栋'),
       (4, 14, 12, '1', '2栋'),
       (5, 10, 6, '0', '3栋'),
       (6, 6, 5, '1', '4栋'),
       (7, 5, 6, '1', '5栋'),
       (8, 6, 6, '0', '6栋'),
       (9, 10, 6, '0', '7栋'),
       (10, 10, 6, '0', '8栋'),
       (11, 10, 6, '0', '9栋'),
       (12, 5, 6, '0', '10栋'),
       (13, 14, 7, '1', '11栋'),
       (27, 10, 5, '0', '15栋'),
       (28, 10, 5, '0', '13栋'),
       (34, 10, 2, '1', 'A16'),
       (67, 10, 1, '1', '122'),
       (68, 10, 3, '0', '32');

/*Table structure for table `drom_into` */

DROP TABLE IF EXISTS `drom_into`;

CREATE TABLE `drom_into`
(
    `into_id`   int NOT NULL AUTO_INCREMENT COMMENT '主键',
    `into_time` varchar(36) CHARACTER SET utf8mb4 COLLATE utf8mb4_bin DEFAULT NULL COMMENT '出入时间',
    `name`      varchar(64) CHARACTER SET utf8mb4 COLLATE utf8mb4_bin DEFAULT NULL COMMENT '物品名称',
    `into_text` text CHARACTER SET utf8mb4 COLLATE utf8mb4_bin COMMENT '备注',
    `user_name` varchar(64) CHARACTER SET utf8mb4 COLLATE utf8mb4_bin DEFAULT NULL COMMENT '联系人',
    `phone`     varchar(15) CHARACTER SET utf8mb4 COLLATE utf8mb4_bin DEFAULT NULL COMMENT '联系电话',
    `leader`    varchar(36) CHARACTER SET utf8mb4 COLLATE utf8mb4_bin DEFAULT NULL COMMENT '值班人',
    `status`    varchar(2) CHARACTER SET utf8mb4 COLLATE utf8mb4_bin  DEFAULT NULL COMMENT '类型 ： 1：进楼 2：出楼',
    PRIMARY KEY (`into_id`) USING BTREE
) ENGINE = InnoDB
  AUTO_INCREMENT = 4
  DEFAULT CHARSET = utf8mb4
  COLLATE = utf8mb4_bin
  ROW_FORMAT = DYNAMIC;

/*Data for the table `drom_into` */

insert into `drom_into`(`into_id`, `into_time`, `name`, `into_text`, `user_name`, `phone`, `leader`, `status`)
values (1, '2022-04-09 00:03:00', '桌子', '自己购买', '李四', '184456431323', '张师', '2'),
       (3, '2022-04-07 14:19:00', '床架', '维修回收', '张武', '165461312313', '杨师', '1');

/*Table structure for table `drom_leave` */

DROP TABLE IF EXISTS `drom_leave`;

CREATE TABLE `drom_leave`
(
    `leave_id`   int NOT NULL AUTO_INCREMENT COMMENT '主键',
    `classes`    varchar(64) CHARACTER SET utf8mb4 COLLATE utf8mb4_bin DEFAULT NULL COMMENT '班级',
    `stu_name`   varchar(64) CHARACTER SET utf8mb4 COLLATE utf8mb4_bin DEFAULT NULL COMMENT '姓名',
    `drom_name`  varchar(64) CHARACTER SET utf8mb4 COLLATE utf8mb4_bin DEFAULT NULL COMMENT '宿舍名称',
    `leave_time` varchar(32) CHARACTER SET utf8mb4 COLLATE utf8mb4_bin DEFAULT NULL COMMENT '缺勤时间',
    PRIMARY KEY (`leave_id`) USING BTREE
) ENGINE = InnoDB
  AUTO_INCREMENT = 7
  DEFAULT CHARSET = utf8mb4
  COLLATE = utf8mb4_bin
  ROW_FORMAT = DYNAMIC;

/*Data for the table `drom_leave` */

insert into `drom_leave`(`leave_id`, `classes`, `stu_name`, `drom_name`, `leave_time`)
values (1, '软件工程1班', '李四', 'A101', '2022-04-08'),
       (2, '软件工程1班', '李四', 'A101', '2022-04-08'),
       (6, '软件工程1班', '张三', 'A501', '2022-04-07');

/*Table structure for table `drom_look` */

DROP TABLE IF EXISTS `drom_look`;

CREATE TABLE `drom_look`
(
    `look_id`   int NOT NULL AUTO_INCREMENT COMMENT '主键',
    `look_time` varchar(36) CHARACTER SET utf8mb4 COLLATE utf8mb4_bin DEFAULT NULL COMMENT '来访时间',
    `user_name` varchar(64) CHARACTER SET utf8mb4 COLLATE utf8mb4_bin DEFAULT NULL COMMENT '来访人姓名',
    `phone`     varchar(15) CHARACTER SET utf8mb4 COLLATE utf8mb4_bin DEFAULT NULL COMMENT '来访人电话',
    `look_name` varchar(64) CHARACTER SET utf8mb4 COLLATE utf8mb4_bin DEFAULT NULL COMMENT '被访人姓名',
    `look_room` varchar(64) CHARACTER SET utf8mb4 COLLATE utf8mb4_bin DEFAULT NULL COMMENT '被访人宿舍',
    `leader`    varchar(64) CHARACTER SET utf8mb4 COLLATE utf8mb4_bin DEFAULT NULL COMMENT '值班人',
    `look_text` text CHARACTER SET utf8mb4 COLLATE utf8mb4_bin COMMENT '备注',
    PRIMARY KEY (`look_id`) USING BTREE
) ENGINE = InnoDB
  AUTO_INCREMENT = 4
  DEFAULT CHARSET = utf8mb4
  COLLATE = utf8mb4_bin
  ROW_FORMAT = DYNAMIC;

/*Data for the table `drom_look` */

insert into `drom_look`(`look_id`, `look_time`, `user_name`, `phone`, `look_name`, `look_room`, `leader`, `look_text`)
values (1, '2022-04-08 00:00:00', '赵柳', '1546464654', '昭明', 'B501', '赵师', '11'),
       (2, '2022-04-09 12:00:00', '张三', '178945644313', '李四', 'A101', '李师', '玩');

/*Table structure for table `drom_repair` */

DROP TABLE IF EXISTS `drom_repair`;

CREATE TABLE `drom_repair`
(
    `repair_id`   int NOT NULL AUTO_INCREMENT COMMENT '主键',
    `username`    varchar(36) CHARACTER SET utf8mb4 COLLATE utf8mb4_bin DEFAULT NULL COMMENT '联系人',
    `phone`       varchar(18) CHARACTER SET utf8mb4 COLLATE utf8mb4_bin DEFAULT NULL COMMENT '联系电话',
    `drom_name`   varchar(36) CHARACTER SET utf8mb4 COLLATE utf8mb4_bin DEFAULT NULL COMMENT '宿舍名称',
    `repair_text` text CHARACTER SET utf8mb4 COLLATE utf8mb4_bin COMMENT '维修说明',
    `repair_time` datetime                                              DEFAULT NULL COMMENT '报修时间',
    `status`      varchar(2) CHARACTER SET utf8mb4 COLLATE utf8mb4_bin  DEFAULT NULL COMMENT '维修状态 //0 ： 待维修 1： 已维修',
    PRIMARY KEY (`repair_id`) USING BTREE
) ENGINE = InnoDB
  AUTO_INCREMENT = 10
  DEFAULT CHARSET = utf8mb4
  COLLATE = utf8mb4_bin
  ROW_FORMAT = DYNAMIC;

/*Data for the table `drom_repair` */

insert into `drom_repair`(`repair_id`, `username`, `phone`, `drom_name`, `repair_text`, `repair_time`, `status`)
values (3, '李四', '18787171906', 'B501', '床架倒了', '2023-02-08 06:54:15', '1'),
       (5, '孙明', '1564643132', 'G-708', '窗户玻璃坏了', '2023-02-10 09:45:25', '1'),
       (6, '1', '1', '1', '1', '2023-02-13 10:46:23', '1'),
       (7, '2', '2', '2', '2', '2023-02-13 11:00:12', '1'),
       (8, '1', '2', '1', '3', '2023-02-14 02:05:45', '1'),
       (9, '1', '1', '测试宿舍', '椅子坏了', '2023-02-14 09:10:47', '1');

/*Table structure for table `drom_room_bed` */

DROP TABLE IF EXISTS `drom_room_bed`;

CREATE TABLE `drom_room_bed`
(
    `bed_id`   int NOT NULL AUTO_INCREMENT COMMENT '床位id',
    `room_id`  int                                                   DEFAULT NULL COMMENT '宿舍id',
    `bed_code` varchar(36) CHARACTER SET utf8mb4 COLLATE utf8mb4_bin DEFAULT NULL COMMENT '床位编号',
    PRIMARY KEY (`bed_id`) USING BTREE,
    KEY `fk_room_id` (`room_id`),
    CONSTRAINT `fk_room_id` FOREIGN KEY (`room_id`) REFERENCES `dorm_room` (`room_id`)
) ENGINE = InnoDB
  AUTO_INCREMENT = 3117
  DEFAULT CHARSET = utf8mb4
  COLLATE = utf8mb4_bin
  ROW_FORMAT = DYNAMIC;

/*Data for the table `drom_room_bed` */

insert into `drom_room_bed`(`bed_id`, `room_id`, `bed_code`)
values (53, 43, 'B101-1'),
       (54, 43, 'B101-2'),
       (55, 43, 'B101-3'),
       (56, 43, 'B101-4'),
       (57, 44, 'B102-1'),
       (58, 44, 'B102-2'),
       (59, 44, 'B102-3'),
       (60, 44, 'B102-4'),
       (61, 45, 'B103-1'),
       (62, 45, 'B103-2'),
       (63, 45, 'B103-3'),
       (64, 45, 'B103-4'),
       (65, 46, 'B104-1'),
       (66, 46, 'B104-2'),
       (67, 46, 'B104-3'),
       (68, 46, 'B104-4'),
       (69, 47, 'B105-1'),
       (70, 47, 'B105-2'),
       (71, 47, 'B105-3'),
       (72, 47, 'B105-4'),
       (73, 48, 'B106-1'),
       (74, 48, 'B106-2'),
       (75, 48, 'B106-3'),
       (76, 48, 'B106-4'),
       (77, 49, 'B107-1'),
       (78, 49, 'B107-2'),
       (79, 49, 'B107-3'),
       (80, 49, 'B107-4'),
       (81, 50, 'B108-1'),
       (82, 50, 'B108-2'),
       (83, 50, 'B108-3'),
       (84, 50, 'B108-4'),
       (85, 51, 'B109-1'),
       (86, 51, 'B109-2'),
       (87, 51, 'B109-3'),
       (88, 51, 'B109-4'),
       (89, 52, 'B110-1'),
       (90, 52, 'B110-2'),
       (91, 52, 'B110-3'),
       (92, 52, 'B110-4'),
       (93, 53, 'B111-1'),
       (94, 53, 'B111-2'),
       (95, 53, 'B111-3'),
       (96, 53, 'B111-4'),
       (97, 54, 'B112-1'),
       (98, 54, 'B112-2'),
       (99, 54, 'B112-3'),
       (100, 54, 'B112-4'),
       (101, 55, 'B113-1'),
       (102, 55, 'B113-2'),
       (103, 55, 'B113-3'),
       (104, 55, 'B113-4'),
       (105, 56, 'B114-1'),
       (106, 56, 'B114-2'),
       (107, 56, 'B114-3'),
       (108, 56, 'B114-4'),
       (109, 57, 'B115-1'),
       (110, 57, 'B115-2'),
       (111, 57, 'B115-3'),
       (112, 57, 'B115-4'),
       (113, 58, 'B116-1'),
       (114, 58, 'B116-2'),
       (115, 58, 'B116-3'),
       (116, 58, 'B116-4'),
       (117, 59, 'B117-1'),
       (118, 59, 'B117-2'),
       (119, 59, 'B117-3'),
       (120, 59, 'B117-4'),
       (121, 60, 'B118-1'),
       (122, 60, 'B118-2'),
       (123, 60, 'B118-3'),
       (124, 60, 'B118-4'),
       (125, 61, 'B119-1'),
       (126, 61, 'B119-2'),
       (127, 61, 'B119-3'),
       (128, 61, 'B119-4'),
       (129, 62, 'B120-1'),
       (130, 62, 'B120-2'),
       (131, 62, 'B120-3'),
       (132, 62, 'B120-4'),
       (140, 63, 'C10001-1'),
       (141, 63, 'C10001-2'),
       (142, 63, 'C10001-3'),
       (143, 63, 'C10001-4'),
       (144, 63, 'C10001-5'),
       (145, 63, 'C10001-6'),
       (146, 64, 'C10002-1'),
       (147, 64, 'C10002-2'),
       (148, 64, 'C10002-3'),
       (149, 64, 'C10002-4'),
       (150, 64, 'C10002-5'),
       (151, 64, 'C10002-6'),
       (152, 65, 'C10003-1'),
       (153, 65, 'C10003-2'),
       (154, 65, 'C10003-3'),
       (155, 65, 'C10003-4'),
       (156, 65, 'C10003-5'),
       (157, 65, 'C10003-6'),
       (158, 66, 'C10004-1'),
       (159, 66, 'C10004-2'),
       (160, 66, 'C10004-3'),
       (161, 66, 'C10004-4'),
       (162, 66, 'C10004-5'),
       (163, 66, 'C10004-6'),
       (164, 67, 'C10005-1'),
       (165, 67, 'C10005-2'),
       (166, 67, 'C10005-3'),
       (167, 67, 'C10005-4'),
       (168, 67, 'C10005-5'),
       (169, 67, 'C10005-6'),
       (170, 68, 'C10006-1'),
       (171, 68, 'C10006-2'),
       (172, 68, 'C10006-3'),
       (173, 68, 'C10006-4'),
       (174, 68, 'C10006-5'),
       (175, 68, 'C10006-6'),
       (176, 69, 'C10007-1'),
       (177, 69, 'C10007-2'),
       (178, 69, 'C10007-3'),
       (179, 69, 'C10007-4'),
       (180, 69, 'C10007-5'),
       (181, 69, 'C10007-6'),
       (182, 70, 'C10008-1'),
       (183, 70, 'C10008-2'),
       (184, 70, 'C10008-3'),
       (185, 70, 'C10008-4'),
       (186, 70, 'C10008-5'),
       (187, 70, 'C10008-6'),
       (188, 71, 'C10009-1'),
       (189, 71, 'C10009-2'),
       (190, 71, 'C10009-3'),
       (191, 71, 'C10009-4'),
       (192, 71, 'C10009-5'),
       (193, 71, 'C10009-6'),
       (194, 72, 'C10010-1'),
       (195, 72, 'C10010-2'),
       (196, 72, 'C10010-3'),
       (197, 72, 'C10010-4'),
       (198, 72, 'C10010-5'),
       (199, 72, 'C10010-6'),
       (200, 73, 'C10011-1'),
       (201, 73, 'C10011-2'),
       (202, 73, 'C10011-3'),
       (203, 73, 'C10011-4'),
       (204, 73, 'C10011-5'),
       (205, 73, 'C10011-6'),
       (206, 74, 'C10012-1'),
       (207, 74, 'C10012-2'),
       (208, 74, 'C10012-3'),
       (209, 74, 'C10012-4'),
       (210, 74, 'C10012-5'),
       (211, 74, 'C10012-6'),
       (212, 75, 'C10013-1'),
       (213, 75, 'C10013-2'),
       (214, 75, 'C10013-3'),
       (215, 75, 'C10013-4'),
       (216, 75, 'C10013-5'),
       (217, 75, 'C10013-6'),
       (218, 76, 'C10014-1'),
       (219, 76, 'C10014-2'),
       (220, 76, 'C10014-3'),
       (221, 76, 'C10014-4'),
       (222, 76, 'C10014-5'),
       (223, 76, 'C10014-6'),
       (224, 77, 'C10015-1'),
       (225, 77, 'C10015-2'),
       (226, 77, 'C10015-3'),
       (227, 77, 'C10015-4'),
       (228, 77, 'C10015-5'),
       (229, 77, 'C10015-6'),
       (230, 78, 'C10016-1'),
       (231, 78, 'C10016-2'),
       (232, 78, 'C10016-3'),
       (233, 78, 'C10016-4'),
       (234, 78, 'C10016-5'),
       (235, 78, 'C10016-6'),
       (236, 79, 'C10017-1'),
       (237, 79, 'C10017-2'),
       (238, 79, 'C10017-3'),
       (239, 79, 'C10017-4'),
       (240, 79, 'C10017-5'),
       (241, 79, 'C10017-6'),
       (242, 80, 'C10018-1'),
       (243, 80, 'C10018-2'),
       (244, 80, 'C10018-3'),
       (245, 80, 'C10018-4'),
       (246, 80, 'C10018-5'),
       (247, 80, 'C10018-6'),
       (248, 81, 'C10019-1'),
       (249, 81, 'C10019-2'),
       (250, 81, 'C10019-3'),
       (251, 81, 'C10019-4'),
       (252, 81, 'C10019-5'),
       (253, 81, 'C10019-6'),
       (254, 82, 'C10020-1'),
       (255, 82, 'C10020-2'),
       (256, 82, 'C10020-3'),
       (257, 82, 'C10020-4'),
       (258, 82, 'C10020-5'),
       (259, 82, 'C10020-6'),
       (260, 83, 'C10021-1'),
       (261, 83, 'C10021-2'),
       (262, 83, 'C10021-3'),
       (263, 83, 'C10021-4'),
       (264, 83, 'C10021-5'),
       (265, 83, 'C10021-6'),
       (266, 84, 'C10022-1'),
       (267, 84, 'C10022-2'),
       (268, 84, 'C10022-3'),
       (269, 84, 'C10022-4'),
       (270, 84, 'C10022-5'),
       (271, 84, 'C10022-6'),
       (272, 85, 'C10023-1'),
       (273, 85, 'C10023-2'),
       (274, 85, 'C10023-3'),
       (275, 85, 'C10023-4'),
       (276, 85, 'C10023-5'),
       (277, 85, 'C10023-6'),
       (278, 86, 'C10024-1'),
       (279, 86, 'C10024-2'),
       (280, 86, 'C10024-3'),
       (281, 86, 'C10024-4'),
       (282, 86, 'C10024-5'),
       (283, 86, 'C10024-6'),
       (284, 87, 'C10025-1'),
       (285, 87, 'C10025-2'),
       (286, 87, 'C10025-3'),
       (287, 87, 'C10025-4'),
       (288, 87, 'C10025-5'),
       (289, 87, 'C10025-6'),
       (290, 88, 'C10026-1'),
       (291, 88, 'C10026-2'),
       (292, 88, 'C10026-3'),
       (293, 88, 'C10026-4'),
       (294, 88, 'C10026-5'),
       (295, 88, 'C10026-6'),
       (296, 89, 'C10027-1'),
       (297, 89, 'C10027-2'),
       (298, 89, 'C10027-3'),
       (299, 89, 'C10027-4'),
       (300, 89, 'C10027-5'),
       (301, 89, 'C10027-6'),
       (302, 90, 'C10028-1'),
       (303, 90, 'C10028-2'),
       (304, 90, 'C10028-3'),
       (305, 90, 'C10028-4'),
       (306, 90, 'C10028-5'),
       (307, 90, 'C10028-6'),
       (308, 91, 'C10029-1'),
       (309, 91, 'C10029-2'),
       (310, 91, 'C10029-3'),
       (311, 91, 'C10029-4'),
       (312, 91, 'C10029-5'),
       (313, 91, 'C10029-6'),
       (314, 92, 'C10030-1'),
       (315, 92, 'C10030-2'),
       (316, 92, 'C10030-3'),
       (317, 92, 'C10030-4'),
       (318, 92, 'C10030-5'),
       (319, 92, 'C10030-6'),
       (320, 96, 'B200-1'),
       (321, 96, 'B200-2'),
       (322, 96, 'B200-3'),
       (323, 96, 'B200-4'),
       (324, 97, 'B201-1'),
       (325, 97, 'B201-2'),
       (326, 97, 'B201-3'),
       (327, 97, 'B201-4'),
       (328, 98, 'B202-1'),
       (329, 98, 'B202-2'),
       (330, 98, 'B202-3'),
       (331, 98, 'B202-4'),
       (332, 99, 'B203-1'),
       (333, 99, 'B203-2'),
       (334, 99, 'B203-3'),
       (335, 99, 'B203-4'),
       (336, 100, 'B204-1'),
       (337, 100, 'B204-2'),
       (338, 100, 'B204-3'),
       (339, 100, 'B204-4'),
       (340, 101, 'B205-1'),
       (341, 101, 'B205-2'),
       (342, 101, 'B205-3'),
       (343, 101, 'B205-4'),
       (344, 102, 'B206-1'),
       (345, 102, 'B206-2'),
       (346, 102, 'B206-3'),
       (347, 102, 'B206-4'),
       (348, 103, 'B207-1'),
       (349, 103, 'B207-2'),
       (350, 103, 'B207-3'),
       (351, 103, 'B207-4'),
       (352, 104, 'B208-1'),
       (353, 104, 'B208-2'),
       (354, 104, 'B208-3'),
       (355, 104, 'B208-4'),
       (356, 105, 'B209-1'),
       (357, 105, 'B209-2'),
       (358, 105, 'B209-3'),
       (359, 105, 'B209-4'),
       (360, 106, 'B210-1'),
       (361, 106, 'B210-2'),
       (362, 106, 'B210-3'),
       (363, 106, 'B210-4'),
       (364, 107, 'B211-1'),
       (365, 107, 'B211-2'),
       (366, 107, 'B211-3'),
       (367, 107, 'B211-4'),
       (368, 108, 'B212-1'),
       (369, 108, 'B212-2'),
       (370, 108, 'B212-3'),
       (371, 108, 'B212-4'),
       (372, 109, 'B213-1'),
       (373, 109, 'B213-2'),
       (374, 109, 'B213-3'),
       (375, 109, 'B213-4'),
       (376, 110, 'B214-1'),
       (377, 110, 'B214-2'),
       (378, 110, 'B214-3'),
       (379, 110, 'B214-4'),
       (380, 111, 'B215-1'),
       (381, 111, 'B215-2'),
       (382, 111, 'B215-3'),
       (383, 111, 'B215-4'),
       (384, 112, 'B216-1'),
       (385, 112, 'B216-2'),
       (386, 112, 'B216-3'),
       (387, 112, 'B216-4'),
       (388, 113, 'B217-1'),
       (389, 113, 'B217-2'),
       (390, 113, 'B217-3'),
       (391, 113, 'B217-4'),
       (392, 114, 'B218-1'),
       (393, 114, 'B218-2'),
       (394, 114, 'B218-3'),
       (395, 114, 'B218-4'),
       (396, 115, 'B219-1'),
       (397, 115, 'B219-2'),
       (398, 115, 'B219-3'),
       (399, 115, 'B219-4'),
       (400, 116, 'B220-1'),
       (401, 116, 'B220-2'),
       (402, 116, 'B220-3'),
       (403, 116, 'B220-4'),
       (404, 117, 'B221-1'),
       (405, 117, 'B221-2'),
       (406, 117, 'B221-3'),
       (407, 117, 'B221-4'),
       (408, 118, 'B222-1'),
       (409, 118, 'B222-2'),
       (410, 118, 'B222-3'),
       (411, 118, 'B222-4'),
       (412, 119, 'B223-1'),
       (413, 119, 'B223-2'),
       (414, 119, 'B223-3'),
       (415, 119, 'B223-4'),
       (416, 120, 'B224-1'),
       (417, 120, 'B224-2'),
       (418, 120, 'B224-3'),
       (419, 120, 'B224-4'),
       (420, 121, 'B225-1'),
       (421, 121, 'B225-2'),
       (422, 121, 'B225-3'),
       (423, 121, 'B225-4'),
       (424, 122, 'B226-1'),
       (425, 122, 'B226-2'),
       (426, 122, 'B226-3'),
       (427, 122, 'B226-4'),
       (428, 123, 'B227-1'),
       (429, 123, 'B227-2'),
       (430, 123, 'B227-3'),
       (431, 123, 'B227-4'),
       (432, 124, 'B228-1'),
       (433, 124, 'B228-2'),
       (434, 124, 'B228-3'),
       (435, 124, 'B228-4'),
       (436, 125, 'B229-1'),
       (437, 125, 'B229-2'),
       (438, 125, 'B229-3'),
       (439, 125, 'B229-4'),
       (440, 126, 'B230-1'),
       (441, 126, 'B230-2'),
       (442, 126, 'B230-3'),
       (443, 126, 'B230-4'),
       (444, 127, 'B231-1'),
       (445, 127, 'B231-2'),
       (446, 127, 'B231-3'),
       (447, 127, 'B231-4'),
       (448, 128, 'B232-1'),
       (449, 128, 'B232-2'),
       (450, 128, 'B232-3'),
       (451, 128, 'B232-4'),
       (452, 129, 'B233-1'),
       (453, 129, 'B233-2'),
       (454, 129, 'B233-3'),
       (455, 129, 'B233-4'),
       (456, 130, 'B234-1'),
       (457, 130, 'B234-2'),
       (458, 130, 'B234-3'),
       (459, 130, 'B234-4'),
       (460, 131, 'B235-1'),
       (461, 131, 'B235-2'),
       (462, 131, 'B235-3'),
       (463, 131, 'B235-4'),
       (464, 132, 'B236-1'),
       (465, 132, 'B236-2'),
       (466, 132, 'B236-3'),
       (467, 132, 'B236-4'),
       (468, 133, 'B237-1'),
       (469, 133, 'B237-2'),
       (470, 133, 'B237-3'),
       (471, 133, 'B237-4'),
       (472, 134, 'B238-1'),
       (473, 134, 'B238-2'),
       (474, 134, 'B238-3'),
       (475, 134, 'B238-4'),
       (476, 135, 'B239-1'),
       (477, 135, 'B239-2'),
       (478, 135, 'B239-3'),
       (479, 135, 'B239-4'),
       (480, 136, 'B240-1'),
       (481, 136, 'B240-2'),
       (482, 136, 'B240-3'),
       (483, 136, 'B240-4'),
       (484, 137, 'B241-1'),
       (485, 137, 'B241-2'),
       (486, 137, 'B241-3'),
       (487, 137, 'B241-4'),
       (488, 138, 'B242-1'),
       (489, 138, 'B242-2'),
       (490, 138, 'B242-3'),
       (491, 138, 'B242-4'),
       (492, 139, 'B243-1'),
       (493, 139, 'B243-2'),
       (494, 139, 'B243-3'),
       (495, 139, 'B243-4'),
       (496, 140, 'B244-1'),
       (497, 140, 'B244-2'),
       (498, 140, 'B244-3'),
       (499, 140, 'B244-4'),
       (500, 141, 'B245-1'),
       (501, 141, 'B245-2'),
       (502, 141, 'B245-3'),
       (503, 141, 'B245-4'),
       (504, 142, 'B246-1'),
       (505, 142, 'B246-2'),
       (506, 142, 'B246-3'),
       (507, 142, 'B246-4'),
       (508, 143, 'B247-1'),
       (509, 143, 'B247-2'),
       (510, 143, 'B247-3'),
       (511, 143, 'B247-4'),
       (512, 144, 'B248-1'),
       (513, 144, 'B248-2'),
       (514, 144, 'B248-3'),
       (515, 144, 'B248-4'),
       (516, 145, 'B249-1'),
       (517, 145, 'B249-2'),
       (518, 145, 'B249-3'),
       (519, 145, 'B249-4'),
       (520, 146, 'B250-1'),
       (521, 146, 'B250-2'),
       (522, 146, 'B250-3'),
       (523, 146, 'B250-4'),
       (524, 147, 'D101-1'),
       (525, 147, 'D101-2'),
       (526, 147, 'D101-3'),
       (527, 147, 'D101-4'),
       (528, 148, 'D102-1'),
       (529, 148, 'D102-2'),
       (530, 148, 'D102-3'),
       (531, 148, 'D102-4'),
       (532, 149, 'D103-1'),
       (533, 149, 'D103-2'),
       (534, 149, 'D103-3'),
       (535, 149, 'D103-4'),
       (536, 150, 'D104-1'),
       (537, 150, 'D104-2'),
       (538, 150, 'D104-3'),
       (539, 150, 'D104-4'),
       (540, 151, 'D105-1'),
       (541, 151, 'D105-2'),
       (542, 151, 'D105-3'),
       (543, 151, 'D105-4'),
       (544, 152, 'D106-1'),
       (545, 152, 'D106-2'),
       (546, 152, 'D106-3'),
       (547, 152, 'D106-4'),
       (548, 153, 'D107-1'),
       (549, 153, 'D107-2'),
       (550, 153, 'D107-3'),
       (551, 153, 'D107-4'),
       (552, 154, 'D108-1'),
       (553, 154, 'D108-2'),
       (554, 154, 'D108-3'),
       (555, 154, 'D108-4'),
       (556, 155, 'D109-1'),
       (557, 155, 'D109-2'),
       (558, 155, 'D109-3'),
       (559, 155, 'D109-4'),
       (560, 156, 'D110-1'),
       (561, 156, 'D110-2'),
       (562, 156, 'D110-3'),
       (563, 156, 'D110-4'),
       (564, 157, 'D111-1'),
       (565, 157, 'D111-2'),
       (566, 157, 'D111-3'),
       (567, 157, 'D111-4'),
       (568, 158, 'D112-1'),
       (569, 158, 'D112-2'),
       (570, 158, 'D112-3'),
       (571, 158, 'D112-4'),
       (572, 159, 'D113-1'),
       (573, 159, 'D113-2'),
       (574, 159, 'D113-3'),
       (575, 159, 'D113-4'),
       (576, 160, 'D114-1'),
       (577, 160, 'D114-2'),
       (578, 160, 'D114-3'),
       (579, 160, 'D114-4'),
       (580, 161, 'D115-1'),
       (581, 161, 'D115-2'),
       (582, 161, 'D115-3'),
       (583, 161, 'D115-4'),
       (584, 162, 'D116-1'),
       (585, 162, 'D116-2'),
       (586, 162, 'D116-3'),
       (587, 162, 'D116-4'),
       (588, 163, 'D117-1'),
       (589, 163, 'D117-2'),
       (590, 163, 'D117-3'),
       (591, 163, 'D117-4'),
       (592, 164, 'D118-1'),
       (593, 164, 'D118-2'),
       (594, 164, 'D118-3'),
       (595, 164, 'D118-4'),
       (596, 165, 'D119-1'),
       (597, 165, 'D119-2'),
       (598, 165, 'D119-3'),
       (599, 165, 'D119-4'),
       (600, 166, 'D120-1'),
       (601, 166, 'D120-2'),
       (602, 166, 'D120-3'),
       (603, 166, 'D120-4'),
       (604, 167, 'E301-1'),
       (605, 167, 'E301-2'),
       (606, 168, 'E302-1'),
       (607, 168, 'E302-2'),
       (608, 169, 'E303-1'),
       (609, 169, 'E303-2'),
       (610, 170, 'E304-1'),
       (611, 170, 'E304-2'),
       (612, 171, 'E305-1'),
       (613, 171, 'E305-2'),
       (614, 172, 'E306-1'),
       (615, 172, 'E306-2'),
       (616, 173, 'E307-1'),
       (617, 173, 'E307-2'),
       (618, 174, 'E308-1'),
       (619, 174, 'E308-2'),
       (620, 175, 'E309-1'),
       (621, 175, 'E309-2'),
       (622, 176, 'E310-1'),
       (623, 176, 'E310-2'),
       (624, 177, 'E311-1'),
       (625, 177, 'E311-2'),
       (626, 178, 'E312-1'),
       (627, 178, 'E312-2'),
       (628, 179, 'E313-1'),
       (629, 179, 'E313-2'),
       (630, 180, 'E314-1'),
       (631, 180, 'E314-2'),
       (632, 181, 'E315-1'),
       (633, 181, 'E315-2'),
       (634, 182, 'E316-1'),
       (635, 182, 'E316-2'),
       (636, 183, 'E317-1'),
       (637, 183, 'E317-2'),
       (638, 184, 'E318-1'),
       (639, 184, 'E318-2'),
       (640, 185, 'E319-1'),
       (641, 185, 'E319-2'),
       (642, 186, 'E320-1'),
       (643, 186, 'E320-2'),
       (644, 187, 'F601-1'),
       (645, 187, 'F601-2'),
       (646, 187, 'F601-3'),
       (647, 187, 'F601-4'),
       (648, 187, 'F601-5'),
       (649, 187, 'F601-6'),
       (650, 188, 'F602-1'),
       (651, 188, 'F602-2'),
       (652, 188, 'F602-3'),
       (653, 188, 'F602-4'),
       (654, 188, 'F602-5'),
       (655, 188, 'F602-6'),
       (656, 189, 'F603-1'),
       (657, 189, 'F603-2'),
       (658, 189, 'F603-3'),
       (659, 189, 'F603-4'),
       (660, 189, 'F603-5'),
       (661, 189, 'F603-6'),
       (662, 190, 'F604-1'),
       (663, 190, 'F604-2'),
       (664, 190, 'F604-3'),
       (665, 190, 'F604-4'),
       (666, 190, 'F604-5'),
       (667, 190, 'F604-6'),
       (668, 191, 'F605-1'),
       (669, 191, 'F605-2'),
       (670, 191, 'F605-3'),
       (671, 191, 'F605-4'),
       (672, 191, 'F605-5'),
       (673, 191, 'F605-6'),
       (674, 192, 'F606-1'),
       (675, 192, 'F606-2'),
       (676, 192, 'F606-3'),
       (677, 192, 'F606-4'),
       (678, 192, 'F606-5'),
       (679, 192, 'F606-6'),
       (680, 193, 'F607-1'),
       (681, 193, 'F607-2'),
       (682, 193, 'F607-3'),
       (683, 193, 'F607-4'),
       (684, 193, 'F607-5'),
       (685, 193, 'F607-6'),
       (686, 194, 'F608-1'),
       (687, 194, 'F608-2'),
       (688, 194, 'F608-3'),
       (689, 194, 'F608-4'),
       (690, 194, 'F608-5'),
       (691, 194, 'F608-6'),
       (692, 195, 'F609-1'),
       (693, 195, 'F609-2'),
       (694, 195, 'F609-3'),
       (695, 195, 'F609-4'),
       (696, 195, 'F609-5'),
       (697, 195, 'F609-6'),
       (698, 196, 'F610-1'),
       (699, 196, 'F610-2'),
       (700, 196, 'F610-3'),
       (701, 196, 'F610-4'),
       (702, 196, 'F610-5'),
       (703, 196, 'F610-6'),
       (704, 197, 'F611-1'),
       (705, 197, 'F611-2'),
       (706, 197, 'F611-3'),
       (707, 197, 'F611-4'),
       (708, 197, 'F611-5'),
       (709, 197, 'F611-6'),
       (710, 198, 'F612-1'),
       (711, 198, 'F612-2'),
       (712, 198, 'F612-3'),
       (713, 198, 'F612-4'),
       (714, 198, 'F612-5'),
       (715, 198, 'F612-6'),
       (716, 199, 'F613-1'),
       (717, 199, 'F613-2'),
       (718, 199, 'F613-3'),
       (719, 199, 'F613-4'),
       (720, 199, 'F613-5'),
       (721, 199, 'F613-6'),
       (722, 200, 'F614-1'),
       (723, 200, 'F614-2'),
       (724, 200, 'F614-3'),
       (725, 200, 'F614-4'),
       (726, 200, 'F614-5'),
       (727, 200, 'F614-6'),
       (728, 201, 'F615-1'),
       (729, 201, 'F615-2'),
       (730, 201, 'F615-3'),
       (731, 201, 'F615-4'),
       (732, 201, 'F615-5'),
       (733, 201, 'F615-6'),
       (734, 202, 'F616-1'),
       (735, 202, 'F616-2'),
       (736, 202, 'F616-3'),
       (737, 202, 'F616-4'),
       (738, 202, 'F616-5'),
       (739, 202, 'F616-6'),
       (740, 203, 'F617-1'),
       (741, 203, 'F617-2'),
       (742, 203, 'F617-3'),
       (743, 203, 'F617-4'),
       (744, 203, 'F617-5'),
       (745, 203, 'F617-6'),
       (746, 204, 'F618-1'),
       (747, 204, 'F618-2'),
       (748, 204, 'F618-3'),
       (749, 204, 'F618-4'),
       (750, 204, 'F618-5'),
       (751, 204, 'F618-6'),
       (752, 205, 'F619-1'),
       (753, 205, 'F619-2'),
       (754, 205, 'F619-3'),
       (755, 205, 'F619-4'),
       (756, 205, 'F619-5'),
       (757, 205, 'F619-6'),
       (758, 206, 'F620-1'),
       (759, 206, 'F620-2'),
       (760, 206, 'F620-3'),
       (761, 206, 'F620-4'),
       (762, 206, 'F620-5'),
       (763, 206, 'F620-6'),
       (764, 207, 'F621-1'),
       (765, 207, 'F621-2'),
       (766, 207, 'F621-3'),
       (767, 207, 'F621-4'),
       (768, 207, 'F621-5'),
       (769, 207, 'F621-6'),
       (770, 208, 'G701-1'),
       (771, 209, 'G702-1'),
       (772, 210, 'G703-1'),
       (773, 211, 'G704-1'),
       (774, 212, 'G705-1'),
       (775, 213, 'G706-1'),
       (776, 214, 'G707-1'),
       (777, 215, 'G708-1'),
       (778, 216, 'G709-1'),
       (779, 217, 'G710-1'),
       (780, 218, 'G711-1'),
       (781, 219, 'G712-1'),
       (782, 220, 'G713-1'),
       (783, 221, 'G714-1'),
       (784, 222, 'G715-1'),
       (785, 223, 'G716-1'),
       (786, 224, 'G717-1'),
       (787, 225, 'G718-1'),
       (788, 226, 'G719-1'),
       (789, 227, 'G720-1'),
       (790, 228, 'G721-1'),
       (791, 229, '9001-1'),
       (792, 229, '9001-2'),
       (793, 230, '9002-1'),
       (794, 230, '9002-2'),
       (795, 231, '9003-1'),
       (796, 231, '9003-2'),
       (797, 232, '9004-1'),
       (798, 232, '9004-2'),
       (799, 233, '9005-1'),
       (800, 233, '9005-2'),
       (801, 234, '9006-1'),
       (802, 234, '9006-2'),
       (803, 235, '9007-1'),
       (804, 235, '9007-2'),
       (805, 236, '9008-1'),
       (806, 236, '9008-2'),
       (807, 237, '9009-1'),
       (808, 237, '9009-2'),
       (809, 238, '9010-1'),
       (810, 238, '9010-2'),
       (811, 249, 'M501-1'),
       (812, 249, 'M501-2'),
       (813, 249, 'M501-3'),
       (814, 249, 'M501-4'),
       (815, 250, 'M502-1'),
       (816, 250, 'M502-2'),
       (817, 250, 'M502-3'),
       (818, 250, 'M502-4'),
       (819, 251, 'M503-1'),
       (820, 251, 'M503-2'),
       (821, 251, 'M503-3'),
       (822, 251, 'M503-4'),
       (823, 252, 'M504-1'),
       (824, 252, 'M504-2'),
       (825, 252, 'M504-3'),
       (826, 252, 'M504-4'),
       (827, 253, 'M505-1'),
       (828, 253, 'M505-2'),
       (829, 253, 'M505-3'),
       (830, 253, 'M505-4'),
       (831, 254, 'M506-1'),
       (832, 254, 'M506-2'),
       (833, 254, 'M506-3'),
       (834, 254, 'M506-4'),
       (835, 255, 'M507-1'),
       (836, 255, 'M507-2'),
       (837, 255, 'M507-3'),
       (838, 255, 'M507-4'),
       (839, 256, 'M508-1'),
       (840, 256, 'M508-2'),
       (841, 256, 'M508-3'),
       (842, 256, 'M508-4'),
       (843, 257, 'M509-1'),
       (844, 257, 'M509-2'),
       (845, 257, 'M509-3'),
       (846, 257, 'M509-4'),
       (847, 258, 'M510-1'),
       (848, 258, 'M510-2'),
       (849, 258, 'M510-3'),
       (850, 258, 'M510-4'),
       (875, 264, '104-1'),
       (876, 264, '104-2'),
       (877, 264, '104-3'),
       (878, 264, '104-4'),
       (879, 264, '104-5'),
       (880, 264, '104-6'),
       (881, 265, '105-1'),
       (882, 265, '105-2'),
       (883, 265, '105-3'),
       (884, 265, '105-4'),
       (885, 265, '105-5'),
       (886, 265, '105-6'),
       (887, 266, '106-1'),
       (888, 266, '106-2'),
       (889, 266, '106-3'),
       (890, 266, '106-4'),
       (891, 266, '106-5'),
       (892, 266, '106-6'),
       (893, 267, '107-1'),
       (894, 267, '107-2'),
       (895, 267, '107-3'),
       (896, 267, '107-4'),
       (897, 267, '107-5'),
       (898, 267, '107-6'),
       (899, 268, '108-1'),
       (900, 268, '108-2'),
       (901, 268, '108-3'),
       (902, 268, '108-4'),
       (903, 268, '108-5'),
       (904, 268, '108-6'),
       (905, 269, '109-1'),
       (906, 269, '109-2'),
       (907, 269, '109-3'),
       (908, 269, '109-4'),
       (909, 269, '109-5'),
       (910, 269, '109-6'),
       (911, 270, '110-1'),
       (912, 270, '110-2'),
       (913, 271, '111-1'),
       (914, 271, '111-2'),
       (915, 272, '112-1'),
       (916, 272, '112-2'),
       (917, 273, '113-1'),
       (918, 273, '113-2'),
       (919, 274, '114-1'),
       (920, 274, '114-2'),
       (921, 275, '115-1'),
       (922, 275, '115-2'),
       (923, 276, '116-1'),
       (924, 276, '116-2'),
       (925, 277, '117-1'),
       (926, 277, '117-2'),
       (927, 278, '118-1'),
       (928, 278, '118-2'),
       (929, 279, '119-1'),
       (930, 279, '119-2'),
       (931, 280, '120-1'),
       (932, 280, '120-2'),
       (933, 281, '1-1'),
       (934, 281, '1-2'),
       (935, 282, '2-1'),
       (936, 282, '2-2'),
       (937, 283, '3-1'),
       (938, 283, '3-2'),
       (939, 284, '4-1'),
       (940, 284, '4-2'),
       (941, 285, '5-1'),
       (942, 285, '5-2'),
       (943, 286, '6-1'),
       (944, 286, '6-2'),
       (945, 287, '7-1'),
       (946, 287, '7-2'),
       (947, 288, '8-1'),
       (948, 288, '8-2'),
       (949, 289, '9-1'),
       (950, 289, '9-2'),
       (951, 290, 'A100-1'),
       (952, 290, 'A100-2'),
       (953, 290, 'A100-3'),
       (954, 290, 'A100-4'),
       (955, 291, 'A106-1'),
       (956, 291, 'A106-2'),
       (957, 291, 'A106-3'),
       (958, 291, 'A106-4'),
       (959, 292, 'A107-1'),
       (960, 292, 'A107-2'),
       (961, 292, 'A107-3'),
       (962, 292, 'A107-4'),
       (963, 293, 'A108-1'),
       (964, 293, 'A108-2'),
       (965, 293, 'A108-3'),
       (966, 293, 'A108-4'),
       (967, 294, 'A109-1'),
       (968, 294, 'A109-2'),
       (969, 294, 'A109-3'),
       (970, 294, 'A109-4'),
       (971, 295, 'A110-1'),
       (972, 295, 'A110-2'),
       (973, 295, 'A110-3'),
       (974, 295, 'A110-4'),
       (1005, 311, '100-1'),
       (1006, 312, '101-1'),
       (1007, 313, '102-1'),
       (1008, 314, '103-1'),
       (1009, 315, 'C100-1'),
       (1010, 315, 'C100-2'),
       (1011, 315, 'C100-3'),
       (1012, 315, 'C100-4'),
       (1013, 315, 'C100-5'),
       (1014, 315, 'C100-6'),
       (1015, 316, 'C101-1'),
       (1016, 316, 'C101-2'),
       (1017, 316, 'C101-3'),
       (1018, 316, 'C101-4'),
       (1019, 316, 'C101-5'),
       (1020, 316, 'C101-6'),
       (1021, 317, 'C102-1'),
       (1022, 317, 'C102-2'),
       (1023, 317, 'C102-3'),
       (1024, 317, 'C102-4'),
       (1025, 317, 'C102-5'),
       (1026, 317, 'C102-6'),
       (1027, 318, 'C103-1'),
       (1028, 318, 'C103-2'),
       (1029, 318, 'C103-3'),
       (1030, 318, 'C103-4'),
       (1031, 318, 'C103-5'),
       (1032, 318, 'C103-6'),
       (1033, 319, 'C104-1'),
       (1034, 319, 'C104-2'),
       (1035, 319, 'C104-3'),
       (1036, 319, 'C104-4'),
       (1037, 319, 'C104-5'),
       (1038, 319, 'C104-6'),
       (1039, 320, 'C105-1'),
       (1040, 320, 'C105-2'),
       (1041, 320, 'C105-3'),
       (1042, 320, 'C105-4'),
       (1043, 320, 'C105-5'),
       (1044, 320, 'C105-6'),
       (1045, 321, 'C106-1'),
       (1046, 321, 'C106-2'),
       (1047, 321, 'C106-3'),
       (1048, 321, 'C106-4'),
       (1049, 321, 'C106-5'),
       (1050, 321, 'C106-6'),
       (1051, 322, 'C107-1'),
       (1052, 322, 'C107-2'),
       (1053, 322, 'C107-3'),
       (1054, 322, 'C107-4'),
       (1055, 322, 'C107-5'),
       (1056, 322, 'C107-6'),
       (1057, 323, 'C108-1'),
       (1058, 323, 'C108-2'),
       (1059, 323, 'C108-3'),
       (1060, 323, 'C108-4'),
       (1061, 323, 'C108-5'),
       (1062, 323, 'C108-6'),
       (1069, 325, 'C110-1'),
       (1070, 325, 'C110-2'),
       (1071, 325, 'C110-3'),
       (1072, 325, 'C110-4'),
       (1073, 325, 'C110-5'),
       (1074, 325, 'C110-6'),
       (1075, 384, 'A101-1'),
       (1076, 384, 'A101-2'),
       (1077, 384, 'A101-3'),
       (1078, 384, 'A101-4'),
       (1079, 384, 'A101-5'),
       (1080, 384, 'A101-6'),
       (1081, 385, 'A102-1'),
       (1082, 385, 'A102-2'),
       (1083, 385, 'A102-3'),
       (1084, 385, 'A102-4'),
       (1085, 385, 'A102-5'),
       (1086, 385, 'A102-6'),
       (1087, 386, 'A103-1'),
       (1088, 386, 'A103-2'),
       (1089, 386, 'A103-3'),
       (1090, 386, 'A103-4'),
       (1091, 386, 'A103-5'),
       (1092, 386, 'A103-6'),
       (1093, 387, 'A104-1'),
       (1094, 387, 'A104-2'),
       (1095, 387, 'A104-3'),
       (1096, 387, 'A104-4'),
       (1097, 387, 'A104-5'),
       (1098, 387, 'A104-6'),
       (1099, 388, 'A111-1'),
       (1100, 388, 'A111-2'),
       (1101, 388, 'A111-3'),
       (1102, 388, 'A111-4'),
       (1103, 388, 'A111-5'),
       (1104, 388, 'A111-6'),
       (1105, 389, 'A112-1'),
       (1106, 389, 'A112-2'),
       (1107, 389, 'A112-3'),
       (1108, 389, 'A112-4'),
       (1109, 389, 'A112-5'),
       (1110, 389, 'A112-6'),
       (1111, 390, 'A113-1'),
       (1112, 390, 'A113-2'),
       (1113, 390, 'A113-3'),
       (1114, 390, 'A113-4'),
       (1115, 390, 'A113-5'),
       (1116, 390, 'A113-6'),
       (1117, 391, 'A114-1'),
       (1118, 391, 'A114-2'),
       (1119, 391, 'A114-3'),
       (1120, 391, 'A114-4'),
       (1121, 391, 'A114-5'),
       (1122, 391, 'A114-6'),
       (1123, 392, 'A115-1'),
       (1124, 392, 'A115-2'),
       (1125, 392, 'A115-3'),
       (1126, 392, 'A115-4'),
       (1127, 392, 'A115-5'),
       (1128, 392, 'A115-6'),
       (1129, 394, 'H101-1'),
       (1130, 394, 'H101-2'),
       (1131, 394, 'H101-3'),
       (1132, 394, 'H101-4'),
       (1133, 394, 'H101-5'),
       (1134, 394, 'H101-6'),
       (1135, 395, 'H102-1'),
       (1136, 395, 'H102-2'),
       (1137, 395, 'H102-3'),
       (1138, 395, 'H102-4'),
       (1139, 395, 'H102-5'),
       (1140, 395, 'H102-6'),
       (1141, 396, 'H103-1'),
       (1142, 396, 'H103-2'),
       (1143, 396, 'H103-3'),
       (1144, 396, 'H103-4'),
       (1145, 396, 'H103-5'),
       (1146, 396, 'H103-6'),
       (1147, 397, 'H104-1'),
       (1148, 397, 'H104-2'),
       (1149, 397, 'H104-3'),
       (1150, 397, 'H104-4'),
       (1151, 397, 'H104-5'),
       (1152, 397, 'H104-6'),
       (1153, 398, 'H105-1'),
       (1154, 398, 'H105-2'),
       (1155, 398, 'H105-3'),
       (1156, 398, 'H105-4'),
       (1157, 398, 'H105-5'),
       (1158, 398, 'H105-6'),
       (1159, 399, 'H106-1'),
       (1160, 399, 'H106-2'),
       (1161, 399, 'H106-3'),
       (1162, 399, 'H106-4'),
       (1163, 399, 'H106-5'),
       (1164, 399, 'H106-6'),
       (1165, 400, 'H107-1'),
       (1166, 400, 'H107-2'),
       (1167, 400, 'H107-3'),
       (1168, 400, 'H107-4'),
       (1169, 400, 'H107-5'),
       (1170, 400, 'H107-6'),
       (1171, 401, 'H108-1'),
       (1172, 401, 'H108-2'),
       (1173, 401, 'H108-3'),
       (1174, 401, 'H108-4'),
       (1175, 401, 'H108-5'),
       (1176, 401, 'H108-6'),
       (1177, 402, 'H109-1'),
       (1178, 402, 'H109-2'),
       (1179, 402, 'H109-3'),
       (1180, 402, 'H109-4'),
       (1181, 402, 'H109-5'),
       (1182, 402, 'H109-6'),
       (1183, 403, 'H110-1'),
       (1184, 403, 'H110-2'),
       (1185, 403, 'H110-3'),
       (1186, 403, 'H110-4'),
       (1187, 403, 'H110-5'),
       (1188, 403, 'H110-6'),
       (1189, 404, 'C601-1'),
       (1190, 404, 'C601-2'),
       (1191, 404, 'C601-3'),
       (1192, 404, 'C601-4'),
       (1193, 404, 'C601-5'),
       (1194, 405, 'C602-1'),
       (1195, 405, 'C602-2'),
       (1196, 405, 'C602-3'),
       (1197, 405, 'C602-4'),
       (1198, 405, 'C602-5'),
       (1199, 406, 'C603-1'),
       (1200, 406, 'C603-2'),
       (1201, 406, 'C603-3'),
       (1202, 406, 'C603-4'),
       (1203, 406, 'C603-5'),
       (1204, 407, 'C604-1'),
       (1205, 407, 'C604-2'),
       (1206, 407, 'C604-3'),
       (1207, 407, 'C604-4'),
       (1208, 407, 'C604-5'),
       (1209, 408, 'C605-1'),
       (1210, 408, 'C605-2'),
       (1211, 408, 'C605-3'),
       (1212, 408, 'C605-4'),
       (1213, 408, 'C605-5'),
       (1214, 409, 'C606-1'),
       (1215, 409, 'C606-2'),
       (1216, 409, 'C606-3'),
       (1217, 409, 'C606-4'),
       (1218, 409, 'C606-5'),
       (1219, 410, 'C607-1'),
       (1220, 410, 'C607-2'),
       (1221, 410, 'C607-3'),
       (1222, 410, 'C607-4'),
       (1223, 410, 'C607-5'),
       (1224, 411, 'C608-1'),
       (1225, 411, 'C608-2'),
       (1226, 411, 'C608-3'),
       (1227, 411, 'C608-4'),
       (1228, 411, 'C608-5'),
       (1229, 412, 'C609-1'),
       (1230, 412, 'C609-2'),
       (1231, 412, 'C609-3'),
       (1232, 412, 'C609-4'),
       (1233, 412, 'C609-5'),
       (1234, 413, 'C610-1'),
       (1235, 413, 'C610-2'),
       (1236, 413, 'C610-3'),
       (1237, 413, 'C610-4'),
       (1238, 413, 'C610-5'),
       (1239, 96, 'B200-5'),
       (1240, 440, 'B251-1'),
       (1241, 440, 'B251-2'),
       (1242, 440, 'B251-3'),
       (1243, 440, 'B251-4'),
       (1244, 440, 'B251-5'),
       (1245, 441, 'B252-1'),
       (1246, 441, 'B252-2'),
       (1247, 441, 'B252-3'),
       (1248, 441, 'B252-4'),
       (1249, 441, 'B252-5'),
       (1250, 442, 'B253-1'),
       (1251, 442, 'B253-2'),
       (1252, 442, 'B253-3'),
       (1253, 442, 'B253-4'),
       (1254, 442, 'B253-5'),
       (1255, 443, 'B254-1'),
       (1256, 443, 'B254-2'),
       (1257, 443, 'B254-3'),
       (1258, 443, 'B254-4'),
       (1259, 443, 'B254-5'),
       (1260, 444, 'B255-1'),
       (1261, 444, 'B255-2'),
       (1262, 444, 'B255-3'),
       (1263, 444, 'B255-4'),
       (1264, 444, 'B255-5'),
       (1265, 445, 'B256-1'),
       (1266, 445, 'B256-2'),
       (1267, 445, 'B256-3'),
       (1268, 445, 'B256-4'),
       (1269, 445, 'B256-5'),
       (1270, 446, 'B257-1'),
       (1271, 446, 'B257-2'),
       (1272, 446, 'B257-3'),
       (1273, 446, 'B257-4'),
       (1274, 446, 'B257-5'),
       (1275, 447, 'B258-1'),
       (1276, 447, 'B258-2'),
       (1277, 447, 'B258-3'),
       (1278, 447, 'B258-4'),
       (1279, 447, 'B258-5'),
       (1280, 448, 'B259-1'),
       (1281, 448, 'B259-2'),
       (1282, 448, 'B259-3'),
       (1283, 448, 'B259-4'),
       (1284, 448, 'B259-5'),
       (1285, 449, 'B260-1'),
       (1286, 449, 'B260-2'),
       (1287, 449, 'B260-3'),
       (1288, 449, 'B260-4'),
       (1289, 449, 'B260-5'),
       (1290, 450, 'B261-1'),
       (1291, 450, 'B261-2'),
       (1292, 450, 'B261-3'),
       (1293, 450, 'B261-4'),
       (1294, 450, 'B261-5'),
       (1295, 451, 'B262-1'),
       (1296, 451, 'B262-2'),
       (1297, 451, 'B262-3'),
       (1298, 451, 'B262-4'),
       (1299, 451, 'B262-5'),
       (1300, 452, 'B263-1'),
       (1301, 452, 'B263-2'),
       (1302, 452, 'B263-3'),
       (1303, 452, 'B263-4'),
       (1304, 452, 'B263-5'),
       (1305, 453, 'B264-1'),
       (1306, 453, 'B264-2'),
       (1307, 453, 'B264-3'),
       (1308, 453, 'B264-4'),
       (1309, 453, 'B264-5'),
       (1310, 454, 'B265-1'),
       (1311, 454, 'B265-2'),
       (1312, 454, 'B265-3'),
       (1313, 454, 'B265-4'),
       (1314, 454, 'B265-5'),
       (1315, 455, 'B266-1'),
       (1316, 455, 'B266-2'),
       (1317, 455, 'B266-3'),
       (1318, 455, 'B266-4'),
       (1319, 455, 'B266-5'),
       (1320, 456, 'B267-1'),
       (1321, 456, 'B267-2'),
       (1322, 456, 'B267-3'),
       (1323, 456, 'B267-4'),
       (1324, 456, 'B267-5'),
       (1325, 457, 'B268-1'),
       (1326, 457, 'B268-2'),
       (1327, 457, 'B268-3'),
       (1328, 457, 'B268-4'),
       (1329, 457, 'B268-5'),
       (1330, 458, 'B269-1'),
       (1331, 458, 'B269-2'),
       (1332, 458, 'B269-3'),
       (1333, 458, 'B269-4'),
       (1334, 458, 'B269-5'),
       (1335, 459, 'B270-1'),
       (1336, 459, 'B270-2'),
       (1337, 459, 'B270-3'),
       (1338, 459, 'B270-4'),
       (1339, 459, 'B270-5'),
       (1340, 460, 'B271-1'),
       (1341, 460, 'B271-2'),
       (1342, 460, 'B271-3'),
       (1343, 460, 'B271-4'),
       (1344, 460, 'B271-5'),
       (1345, 461, 'B272-1'),
       (1346, 461, 'B272-2'),
       (1347, 461, 'B272-3'),
       (1348, 461, 'B272-4'),
       (1349, 461, 'B272-5'),
       (1350, 462, 'B273-1'),
       (1351, 462, 'B273-2'),
       (1352, 462, 'B273-3'),
       (1353, 462, 'B273-4'),
       (1354, 462, 'B273-5'),
       (1355, 463, 'B274-1'),
       (1356, 463, 'B274-2'),
       (1357, 463, 'B274-3'),
       (1358, 463, 'B274-4'),
       (1359, 463, 'B274-5'),
       (1360, 464, 'B275-1'),
       (1361, 464, 'B275-2'),
       (1362, 464, 'B275-3'),
       (1363, 464, 'B275-4'),
       (1364, 464, 'B275-5'),
       (1365, 465, 'B276-1'),
       (1366, 465, 'B276-2'),
       (1367, 465, 'B276-3'),
       (1368, 465, 'B276-4'),
       (1369, 465, 'B276-5'),
       (1370, 466, 'B277-1'),
       (1371, 466, 'B277-2'),
       (1372, 466, 'B277-3'),
       (1373, 466, 'B277-4'),
       (1374, 466, 'B277-5'),
       (1375, 467, 'B278-1'),
       (1376, 467, 'B278-2'),
       (1377, 467, 'B278-3'),
       (1378, 467, 'B278-4'),
       (1379, 467, 'B278-5'),
       (1380, 468, 'B279-1'),
       (1381, 468, 'B279-2'),
       (1382, 468, 'B279-3'),
       (1383, 468, 'B279-4'),
       (1384, 468, 'B279-5'),
       (1385, 469, 'B280-1'),
       (1386, 469, 'B280-2'),
       (1387, 469, 'B280-3'),
       (1388, 469, 'B280-4'),
       (1389, 469, 'B280-5'),
       (1390, 470, 'B281-1'),
       (1391, 470, 'B281-2'),
       (1392, 470, 'B281-3'),
       (1393, 470, 'B281-4'),
       (1394, 470, 'B281-5'),
       (1395, 471, 'B282-1'),
       (1396, 471, 'B282-2'),
       (1397, 471, 'B282-3'),
       (1398, 471, 'B282-4'),
       (1399, 471, 'B282-5'),
       (1400, 472, 'B283-1'),
       (1401, 472, 'B283-2'),
       (1402, 472, 'B283-3'),
       (1403, 472, 'B283-4'),
       (1404, 472, 'B283-5'),
       (1405, 473, 'B284-1'),
       (1406, 473, 'B284-2'),
       (1407, 473, 'B284-3'),
       (1408, 473, 'B284-4'),
       (1409, 473, 'B284-5'),
       (1410, 474, 'B285-1'),
       (1411, 474, 'B285-2'),
       (1412, 474, 'B285-3'),
       (1413, 474, 'B285-4'),
       (1414, 474, 'B285-5'),
       (1415, 475, 'B286-1'),
       (1416, 475, 'B286-2'),
       (1417, 475, 'B286-3'),
       (1418, 475, 'B286-4'),
       (1419, 475, 'B286-5'),
       (1420, 476, 'B287-1'),
       (1421, 476, 'B287-2'),
       (1422, 476, 'B287-3'),
       (1423, 476, 'B287-4'),
       (1424, 476, 'B287-5'),
       (1425, 477, 'B288-1'),
       (1426, 477, 'B288-2'),
       (1427, 477, 'B288-3'),
       (1428, 477, 'B288-4'),
       (1429, 477, 'B288-5'),
       (1430, 478, 'B289-1'),
       (1431, 478, 'B289-2'),
       (1432, 478, 'B289-3'),
       (1433, 478, 'B289-4'),
       (1434, 478, 'B289-5'),
       (1435, 479, 'B290-1'),
       (1436, 479, 'B290-2'),
       (1437, 479, 'B290-3'),
       (1438, 479, 'B290-4'),
       (1439, 479, 'B290-5'),
       (1440, 480, 'B291-1'),
       (1441, 480, 'B291-2'),
       (1442, 480, 'B291-3'),
       (1443, 480, 'B291-4'),
       (1444, 480, 'B291-5'),
       (1445, 481, 'B292-1'),
       (1446, 481, 'B292-2'),
       (1447, 481, 'B292-3'),
       (1448, 481, 'B292-4'),
       (1449, 481, 'B292-5'),
       (1450, 482, 'B293-1'),
       (1451, 482, 'B293-2'),
       (1452, 482, 'B293-3'),
       (1453, 482, 'B293-4'),
       (1454, 482, 'B293-5'),
       (1455, 483, 'B294-1'),
       (1456, 483, 'B294-2'),
       (1457, 483, 'B294-3'),
       (1458, 483, 'B294-4'),
       (1459, 483, 'B294-5'),
       (1460, 484, 'B295-1'),
       (1461, 484, 'B295-2'),
       (1462, 484, 'B295-3'),
       (1463, 484, 'B295-4'),
       (1464, 484, 'B295-5'),
       (1465, 485, 'B296-1'),
       (1466, 485, 'B296-2'),
       (1467, 485, 'B296-3'),
       (1468, 485, 'B296-4'),
       (1469, 485, 'B296-5'),
       (1470, 486, 'B297-1'),
       (1471, 486, 'B297-2'),
       (1472, 486, 'B297-3'),
       (1473, 486, 'B297-4'),
       (1474, 486, 'B297-5'),
       (1475, 487, 'B298-1'),
       (1476, 487, 'B298-2'),
       (1477, 487, 'B298-3'),
       (1478, 487, 'B298-4'),
       (1479, 487, 'B298-5'),
       (1480, 488, 'B299-1'),
       (1481, 488, 'B299-2'),
       (1482, 488, 'B299-3'),
       (1483, 488, 'B299-4'),
       (1484, 488, 'B299-5'),
       (1485, 489, 'B300-1'),
       (1486, 489, 'B300-2'),
       (1487, 489, 'B300-3'),
       (1488, 489, 'B300-4'),
       (1489, 489, 'B300-5'),
       (1490, 490, 'B301-1'),
       (1491, 490, 'B301-2'),
       (1492, 490, 'B301-3'),
       (1493, 490, 'B301-4'),
       (1494, 490, 'B301-5'),
       (1495, 491, 'B302-1'),
       (1496, 491, 'B302-2'),
       (1497, 491, 'B302-3'),
       (1498, 491, 'B302-4'),
       (1499, 491, 'B302-5'),
       (1500, 492, 'B303-1'),
       (1501, 492, 'B303-2'),
       (1502, 492, 'B303-3'),
       (1503, 492, 'B303-4'),
       (1504, 492, 'B303-5'),
       (1505, 493, 'B304-1'),
       (1506, 493, 'B304-2'),
       (1507, 493, 'B304-3'),
       (1508, 493, 'B304-4'),
       (1509, 493, 'B304-5'),
       (1510, 494, 'B305-1'),
       (1511, 494, 'B305-2'),
       (1512, 494, 'B305-3'),
       (1513, 494, 'B305-4'),
       (1514, 494, 'B305-5'),
       (1515, 495, 'B306-1'),
       (1516, 495, 'B306-2'),
       (1517, 495, 'B306-3'),
       (1518, 495, 'B306-4'),
       (1519, 495, 'B306-5'),
       (1520, 496, 'B307-1'),
       (1521, 496, 'B307-2'),
       (1522, 496, 'B307-3'),
       (1523, 496, 'B307-4'),
       (1524, 496, 'B307-5'),
       (1525, 497, 'B308-1'),
       (1526, 497, 'B308-2'),
       (1527, 497, 'B308-3'),
       (1528, 497, 'B308-4'),
       (1529, 497, 'B308-5'),
       (1530, 498, 'B309-1'),
       (1531, 498, 'B309-2'),
       (1532, 498, 'B309-3'),
       (1533, 498, 'B309-4'),
       (1534, 498, 'B309-5'),
       (1535, 499, 'B310-1'),
       (1536, 499, 'B310-2'),
       (1537, 499, 'B310-3'),
       (1538, 499, 'B310-4'),
       (1539, 499, 'B310-5'),
       (1540, 500, 'B311-1'),
       (1541, 500, 'B311-2'),
       (1542, 500, 'B311-3'),
       (1543, 500, 'B311-4'),
       (1544, 500, 'B311-5'),
       (1545, 501, 'B312-1'),
       (1546, 501, 'B312-2'),
       (1547, 501, 'B312-3'),
       (1548, 501, 'B312-4'),
       (1549, 501, 'B312-5'),
       (1550, 502, 'B313-1'),
       (1551, 502, 'B313-2'),
       (1552, 502, 'B313-3'),
       (1553, 502, 'B313-4'),
       (1554, 502, 'B313-5'),
       (1555, 503, 'B314-1'),
       (1556, 503, 'B314-2'),
       (1557, 503, 'B314-3'),
       (1558, 503, 'B314-4'),
       (1559, 503, 'B314-5'),
       (1560, 504, 'B315-1'),
       (1561, 504, 'B315-2'),
       (1562, 504, 'B315-3'),
       (1563, 504, 'B315-4'),
       (1564, 504, 'B315-5'),
       (1565, 505, 'B316-1'),
       (1566, 505, 'B316-2'),
       (1567, 505, 'B316-3'),
       (1568, 505, 'B316-4'),
       (1569, 505, 'B316-5'),
       (1570, 506, 'B317-1'),
       (1571, 506, 'B317-2'),
       (1572, 506, 'B317-3'),
       (1573, 506, 'B317-4'),
       (1574, 506, 'B317-5'),
       (1575, 507, 'B318-1'),
       (1576, 507, 'B318-2'),
       (1577, 507, 'B318-3'),
       (1578, 507, 'B318-4'),
       (1579, 507, 'B318-5'),
       (1580, 508, 'B319-1'),
       (1581, 508, 'B319-2'),
       (1582, 508, 'B319-3'),
       (1583, 508, 'B319-4'),
       (1584, 508, 'B319-5'),
       (1585, 509, 'B320-1'),
       (1586, 509, 'B320-2'),
       (1587, 509, 'B320-3'),
       (1588, 509, 'B320-4'),
       (1589, 509, 'B320-5'),
       (1590, 510, 'B321-1'),
       (1591, 510, 'B321-2'),
       (1592, 510, 'B321-3'),
       (1593, 510, 'B321-4'),
       (1594, 510, 'B321-5'),
       (1595, 511, 'B322-1'),
       (1596, 511, 'B322-2'),
       (1597, 511, 'B322-3'),
       (1598, 511, 'B322-4'),
       (1599, 511, 'B322-5'),
       (1600, 512, 'B323-1'),
       (1601, 512, 'B323-2'),
       (1602, 512, 'B323-3'),
       (1603, 512, 'B323-4'),
       (1604, 512, 'B323-5'),
       (1605, 513, 'B324-1'),
       (1606, 513, 'B324-2'),
       (1607, 513, 'B324-3'),
       (1608, 513, 'B324-4'),
       (1609, 513, 'B324-5'),
       (1610, 514, 'B325-1'),
       (1611, 514, 'B325-2'),
       (1612, 514, 'B325-3'),
       (1613, 514, 'B325-4'),
       (1614, 514, 'B325-5'),
       (1615, 515, 'B326-1'),
       (1616, 515, 'B326-2'),
       (1617, 515, 'B326-3'),
       (1618, 515, 'B326-4'),
       (1619, 515, 'B326-5'),
       (1620, 516, 'B327-1'),
       (1621, 516, 'B327-2'),
       (1622, 516, 'B327-3'),
       (1623, 516, 'B327-4'),
       (1624, 516, 'B327-5'),
       (1625, 517, 'B328-1'),
       (1626, 517, 'B328-2'),
       (1627, 517, 'B328-3'),
       (1628, 517, 'B328-4'),
       (1629, 517, 'B328-5'),
       (1630, 518, 'B329-1'),
       (1631, 518, 'B329-2'),
       (1632, 518, 'B329-3'),
       (1633, 518, 'B329-4'),
       (1634, 518, 'B329-5'),
       (1635, 519, 'B330-1'),
       (1636, 519, 'B330-2'),
       (1637, 519, 'B330-3'),
       (1638, 519, 'B330-4'),
       (1639, 519, 'B330-5'),
       (1640, 520, 'B331-1'),
       (1641, 520, 'B331-2'),
       (1642, 520, 'B331-3'),
       (1643, 520, 'B331-4'),
       (1644, 520, 'B331-5'),
       (1645, 521, 'B332-1'),
       (1646, 521, 'B332-2'),
       (1647, 521, 'B332-3'),
       (1648, 521, 'B332-4'),
       (1649, 521, 'B332-5'),
       (1650, 522, 'B333-1'),
       (1651, 522, 'B333-2'),
       (1652, 522, 'B333-3'),
       (1653, 522, 'B333-4'),
       (1654, 522, 'B333-5'),
       (1655, 523, 'B334-1'),
       (1656, 523, 'B334-2'),
       (1657, 523, 'B334-3'),
       (1658, 523, 'B334-4'),
       (1659, 523, 'B334-5'),
       (1660, 524, 'B335-1'),
       (1661, 524, 'B335-2'),
       (1662, 524, 'B335-3'),
       (1663, 524, 'B335-4'),
       (1664, 524, 'B335-5'),
       (1665, 525, 'B336-1'),
       (1666, 525, 'B336-2'),
       (1667, 525, 'B336-3'),
       (1668, 525, 'B336-4'),
       (1669, 525, 'B336-5'),
       (1670, 526, 'B337-1'),
       (1671, 526, 'B337-2'),
       (1672, 526, 'B337-3'),
       (1673, 526, 'B337-4'),
       (1674, 526, 'B337-5'),
       (1675, 527, 'B338-1'),
       (1676, 527, 'B338-2'),
       (1677, 527, 'B338-3'),
       (1678, 527, 'B338-4'),
       (1679, 527, 'B338-5'),
       (1680, 528, 'B339-1'),
       (1681, 528, 'B339-2'),
       (1682, 528, 'B339-3'),
       (1683, 528, 'B339-4'),
       (1684, 528, 'B339-5'),
       (1685, 529, 'B340-1'),
       (1686, 529, 'B340-2'),
       (1687, 529, 'B340-3'),
       (1688, 529, 'B340-4'),
       (1689, 529, 'B340-5'),
       (1690, 530, 'B341-1'),
       (1691, 530, 'B341-2'),
       (1692, 530, 'B341-3'),
       (1693, 530, 'B341-4'),
       (1694, 530, 'B341-5'),
       (1695, 531, 'B342-1'),
       (1696, 531, 'B342-2'),
       (1697, 531, 'B342-3'),
       (1698, 531, 'B342-4'),
       (1699, 531, 'B342-5'),
       (1700, 532, 'B343-1'),
       (1701, 532, 'B343-2'),
       (1702, 532, 'B343-3'),
       (1703, 532, 'B343-4'),
       (1704, 532, 'B343-5'),
       (1705, 533, 'B344-1'),
       (1706, 533, 'B344-2'),
       (1707, 533, 'B344-3'),
       (1708, 533, 'B344-4'),
       (1709, 533, 'B344-5'),
       (1710, 534, 'B345-1'),
       (1711, 534, 'B345-2'),
       (1712, 534, 'B345-3'),
       (1713, 534, 'B345-4'),
       (1714, 534, 'B345-5'),
       (1715, 535, 'B346-1'),
       (1716, 535, 'B346-2'),
       (1717, 535, 'B346-3'),
       (1718, 535, 'B346-4'),
       (1719, 535, 'B346-5'),
       (1720, 536, 'B347-1'),
       (1721, 536, 'B347-2'),
       (1722, 536, 'B347-3'),
       (1723, 536, 'B347-4'),
       (1724, 536, 'B347-5'),
       (1725, 537, 'B348-1'),
       (1726, 537, 'B348-2'),
       (1727, 537, 'B348-3'),
       (1728, 537, 'B348-4'),
       (1729, 537, 'B348-5'),
       (1730, 538, 'B349-1'),
       (1731, 538, 'B349-2'),
       (1732, 538, 'B349-3'),
       (1733, 538, 'B349-4'),
       (1734, 538, 'B349-5'),
       (1735, 539, 'B350-1'),
       (1736, 539, 'B350-2'),
       (1737, 539, 'B350-3'),
       (1738, 539, 'B350-4'),
       (1739, 539, 'B350-5'),
       (1740, 540, 'B351-1'),
       (1741, 540, 'B351-2'),
       (1742, 540, 'B351-3'),
       (1743, 540, 'B351-4'),
       (1744, 540, 'B351-5'),
       (1745, 541, 'B352-1'),
       (1746, 541, 'B352-2'),
       (1747, 541, 'B352-3'),
       (1748, 541, 'B352-4'),
       (1749, 541, 'B352-5'),
       (1750, 542, 'B353-1'),
       (1751, 542, 'B353-2'),
       (1752, 542, 'B353-3'),
       (1753, 542, 'B353-4'),
       (1754, 542, 'B353-5'),
       (1755, 543, 'B354-1'),
       (1756, 543, 'B354-2'),
       (1757, 543, 'B354-3'),
       (1758, 543, 'B354-4'),
       (1759, 543, 'B354-5'),
       (1760, 544, 'B355-1'),
       (1761, 544, 'B355-2'),
       (1762, 544, 'B355-3'),
       (1763, 544, 'B355-4'),
       (1764, 544, 'B355-5'),
       (1765, 545, 'B356-1'),
       (1766, 545, 'B356-2'),
       (1767, 545, 'B356-3'),
       (1768, 545, 'B356-4'),
       (1769, 545, 'B356-5'),
       (1770, 546, 'B357-1'),
       (1771, 546, 'B357-2'),
       (1772, 546, 'B357-3'),
       (1773, 546, 'B357-4'),
       (1774, 546, 'B357-5'),
       (1775, 547, 'B358-1'),
       (1776, 547, 'B358-2'),
       (1777, 547, 'B358-3'),
       (1778, 547, 'B358-4'),
       (1779, 547, 'B358-5'),
       (1780, 548, 'B359-1'),
       (1781, 548, 'B359-2'),
       (1782, 548, 'B359-3'),
       (1783, 548, 'B359-4'),
       (1784, 548, 'B359-5'),
       (1785, 549, 'B360-1'),
       (1786, 549, 'B360-2'),
       (1787, 549, 'B360-3'),
       (1788, 549, 'B360-4'),
       (1789, 549, 'B360-5'),
       (1790, 550, 'B361-1'),
       (1791, 550, 'B361-2'),
       (1792, 550, 'B361-3'),
       (1793, 550, 'B361-4'),
       (1794, 550, 'B361-5'),
       (1795, 551, 'B362-1'),
       (1796, 551, 'B362-2'),
       (1797, 551, 'B362-3'),
       (1798, 551, 'B362-4'),
       (1799, 551, 'B362-5'),
       (1800, 552, 'B363-1'),
       (1801, 552, 'B363-2'),
       (1802, 552, 'B363-3'),
       (1803, 552, 'B363-4'),
       (1804, 552, 'B363-5'),
       (1805, 553, 'B364-1'),
       (1806, 553, 'B364-2'),
       (1807, 553, 'B364-3'),
       (1808, 553, 'B364-4'),
       (1809, 553, 'B364-5'),
       (1810, 554, 'B365-1'),
       (1811, 554, 'B365-2'),
       (1812, 554, 'B365-3'),
       (1813, 554, 'B365-4'),
       (1814, 554, 'B365-5'),
       (1815, 555, 'B366-1'),
       (1816, 555, 'B366-2'),
       (1817, 555, 'B366-3'),
       (1818, 555, 'B366-4'),
       (1819, 555, 'B366-5'),
       (1820, 556, 'B367-1'),
       (1821, 556, 'B367-2'),
       (1822, 556, 'B367-3'),
       (1823, 556, 'B367-4'),
       (1824, 556, 'B367-5'),
       (1825, 557, 'B368-1'),
       (1826, 557, 'B368-2'),
       (1827, 557, 'B368-3'),
       (1828, 557, 'B368-4'),
       (1829, 557, 'B368-5'),
       (1830, 558, 'B369-1'),
       (1831, 558, 'B369-2'),
       (1832, 558, 'B369-3'),
       (1833, 558, 'B369-4'),
       (1834, 558, 'B369-5'),
       (1835, 559, 'B370-1'),
       (1836, 559, 'B370-2'),
       (1837, 559, 'B370-3'),
       (1838, 559, 'B370-4'),
       (1839, 559, 'B370-5'),
       (1840, 560, 'B371-1'),
       (1841, 560, 'B371-2'),
       (1842, 560, 'B371-3'),
       (1843, 560, 'B371-4'),
       (1844, 560, 'B371-5'),
       (1845, 561, 'B372-1'),
       (1846, 561, 'B372-2'),
       (1847, 561, 'B372-3'),
       (1848, 561, 'B372-4'),
       (1849, 561, 'B372-5'),
       (1850, 562, 'B373-1'),
       (1851, 562, 'B373-2'),
       (1852, 562, 'B373-3'),
       (1853, 562, 'B373-4'),
       (1854, 562, 'B373-5'),
       (1855, 563, 'B374-1'),
       (1856, 563, 'B374-2'),
       (1857, 563, 'B374-3'),
       (1858, 563, 'B374-4'),
       (1859, 563, 'B374-5'),
       (1860, 564, 'B375-1'),
       (1861, 564, 'B375-2'),
       (1862, 564, 'B375-3'),
       (1863, 564, 'B375-4'),
       (1864, 564, 'B375-5'),
       (1865, 565, 'B376-1'),
       (1866, 565, 'B376-2'),
       (1867, 565, 'B376-3'),
       (1868, 565, 'B376-4'),
       (1869, 565, 'B376-5'),
       (1870, 566, 'B377-1'),
       (1871, 566, 'B377-2'),
       (1872, 566, 'B377-3'),
       (1873, 566, 'B377-4'),
       (1874, 566, 'B377-5'),
       (1875, 567, 'B378-1'),
       (1876, 567, 'B378-2'),
       (1877, 567, 'B378-3'),
       (1878, 567, 'B378-4'),
       (1879, 567, 'B378-5'),
       (1880, 568, 'B379-1'),
       (1881, 568, 'B379-2'),
       (1882, 568, 'B379-3'),
       (1883, 568, 'B379-4'),
       (1884, 568, 'B379-5'),
       (1885, 569, 'B380-1'),
       (1886, 569, 'B380-2'),
       (1887, 569, 'B380-3'),
       (1888, 569, 'B380-4'),
       (1889, 569, 'B380-5'),
       (1890, 570, 'B381-1'),
       (1891, 570, 'B381-2'),
       (1892, 570, 'B381-3'),
       (1893, 570, 'B381-4'),
       (1894, 570, 'B381-5'),
       (1895, 571, 'B382-1'),
       (1896, 571, 'B382-2'),
       (1897, 571, 'B382-3'),
       (1898, 571, 'B382-4'),
       (1899, 571, 'B382-5'),
       (1900, 572, 'B383-1'),
       (1901, 572, 'B383-2'),
       (1902, 572, 'B383-3'),
       (1903, 572, 'B383-4'),
       (1904, 572, 'B383-5'),
       (1905, 573, 'B384-1'),
       (1906, 573, 'B384-2'),
       (1907, 573, 'B384-3'),
       (1908, 573, 'B384-4'),
       (1909, 573, 'B384-5'),
       (1910, 574, 'B385-1'),
       (1911, 574, 'B385-2'),
       (1912, 574, 'B385-3'),
       (1913, 574, 'B385-4'),
       (1914, 574, 'B385-5'),
       (1915, 575, 'B386-1'),
       (1916, 575, 'B386-2'),
       (1917, 575, 'B386-3'),
       (1918, 575, 'B386-4'),
       (1919, 575, 'B386-5'),
       (1920, 576, 'B387-1'),
       (1921, 576, 'B387-2'),
       (1922, 576, 'B387-3'),
       (1923, 576, 'B387-4'),
       (1924, 576, 'B387-5'),
       (1925, 577, 'B388-1'),
       (1926, 577, 'B388-2'),
       (1927, 577, 'B388-3'),
       (1928, 577, 'B388-4'),
       (1929, 577, 'B388-5'),
       (1930, 578, 'B389-1'),
       (1931, 578, 'B389-2'),
       (1932, 578, 'B389-3'),
       (1933, 578, 'B389-4'),
       (1934, 578, 'B389-5'),
       (1935, 579, 'B390-1'),
       (1936, 579, 'B390-2'),
       (1937, 579, 'B390-3'),
       (1938, 579, 'B390-4'),
       (1939, 579, 'B390-5'),
       (1940, 580, 'B391-1'),
       (1941, 580, 'B391-2'),
       (1942, 580, 'B391-3'),
       (1943, 580, 'B391-4'),
       (1944, 580, 'B391-5'),
       (1945, 581, 'B392-1'),
       (1946, 581, 'B392-2'),
       (1947, 581, 'B392-3'),
       (1948, 581, 'B392-4'),
       (1949, 581, 'B392-5'),
       (1950, 582, 'B393-1'),
       (1951, 582, 'B393-2'),
       (1952, 582, 'B393-3'),
       (1953, 582, 'B393-4'),
       (1954, 582, 'B393-5'),
       (1955, 583, 'B394-1'),
       (1956, 583, 'B394-2'),
       (1957, 583, 'B394-3'),
       (1958, 583, 'B394-4'),
       (1959, 583, 'B394-5'),
       (1960, 584, 'B395-1'),
       (1961, 584, 'B395-2'),
       (1962, 584, 'B395-3'),
       (1963, 584, 'B395-4'),
       (1964, 584, 'B395-5'),
       (1965, 585, 'B396-1'),
       (1966, 585, 'B396-2'),
       (1967, 585, 'B396-3'),
       (1968, 585, 'B396-4'),
       (1969, 585, 'B396-5'),
       (1970, 586, 'B397-1'),
       (1971, 586, 'B397-2'),
       (1972, 586, 'B397-3'),
       (1973, 586, 'B397-4'),
       (1974, 586, 'B397-5'),
       (1975, 587, 'B398-1'),
       (1976, 587, 'B398-2'),
       (1977, 587, 'B398-3'),
       (1978, 587, 'B398-4'),
       (1979, 587, 'B398-5'),
       (1980, 588, 'B399-1'),
       (1981, 588, 'B399-2'),
       (1982, 588, 'B399-3'),
       (1983, 588, 'B399-4'),
       (1984, 588, 'B399-5'),
       (1985, 589, 'B400-1'),
       (1986, 589, 'B400-2'),
       (1987, 589, 'B400-3'),
       (1988, 589, 'B400-4'),
       (1989, 589, 'B400-5'),
       (1990, 590, 'B401-1'),
       (1991, 590, 'B401-2'),
       (1992, 590, 'B401-3'),
       (1993, 590, 'B401-4'),
       (1994, 590, 'B401-5'),
       (1995, 591, 'B402-1'),
       (1996, 591, 'B402-2'),
       (1997, 591, 'B402-3'),
       (1998, 591, 'B402-4'),
       (1999, 591, 'B402-5'),
       (2000, 592, 'B403-1'),
       (2001, 592, 'B403-2'),
       (2002, 592, 'B403-3'),
       (2003, 592, 'B403-4'),
       (2004, 592, 'B403-5'),
       (2005, 593, 'B404-1'),
       (2006, 593, 'B404-2'),
       (2007, 593, 'B404-3'),
       (2008, 593, 'B404-4'),
       (2009, 593, 'B404-5'),
       (2010, 594, 'B405-1'),
       (2011, 594, 'B405-2'),
       (2012, 594, 'B405-3'),
       (2013, 594, 'B405-4'),
       (2014, 594, 'B405-5'),
       (2015, 595, 'B406-1'),
       (2016, 595, 'B406-2'),
       (2017, 595, 'B406-3'),
       (2018, 595, 'B406-4'),
       (2019, 595, 'B406-5'),
       (2020, 596, 'B407-1'),
       (2021, 596, 'B407-2'),
       (2022, 596, 'B407-3'),
       (2023, 596, 'B407-4'),
       (2024, 596, 'B407-5'),
       (2025, 597, 'B408-1'),
       (2026, 597, 'B408-2'),
       (2027, 597, 'B408-3'),
       (2028, 597, 'B408-4'),
       (2029, 597, 'B408-5'),
       (2030, 598, 'B409-1'),
       (2031, 598, 'B409-2'),
       (2032, 598, 'B409-3'),
       (2033, 598, 'B409-4'),
       (2034, 598, 'B409-5'),
       (2035, 599, 'B410-1'),
       (2036, 599, 'B410-2'),
       (2037, 599, 'B410-3'),
       (2038, 599, 'B410-4'),
       (2039, 599, 'B410-5'),
       (2040, 600, 'B411-1'),
       (2041, 600, 'B411-2'),
       (2042, 600, 'B411-3'),
       (2043, 600, 'B411-4'),
       (2044, 600, 'B411-5'),
       (2045, 601, 'B412-1'),
       (2046, 601, 'B412-2'),
       (2047, 601, 'B412-3'),
       (2048, 601, 'B412-4'),
       (2049, 601, 'B412-5'),
       (2050, 602, 'B413-1'),
       (2051, 602, 'B413-2'),
       (2052, 602, 'B413-3'),
       (2053, 602, 'B413-4'),
       (2054, 602, 'B413-5'),
       (2055, 603, 'B414-1'),
       (2056, 603, 'B414-2'),
       (2057, 603, 'B414-3'),
       (2058, 603, 'B414-4'),
       (2059, 603, 'B414-5'),
       (2060, 604, 'B415-1'),
       (2061, 604, 'B415-2'),
       (2062, 604, 'B415-3'),
       (2063, 604, 'B415-4'),
       (2064, 604, 'B415-5'),
       (2065, 605, 'B416-1'),
       (2066, 605, 'B416-2'),
       (2067, 605, 'B416-3'),
       (2068, 605, 'B416-4'),
       (2069, 605, 'B416-5'),
       (2070, 606, 'B417-1'),
       (2071, 606, 'B417-2'),
       (2072, 606, 'B417-3'),
       (2073, 606, 'B417-4'),
       (2074, 606, 'B417-5'),
       (2075, 607, 'B418-1'),
       (2076, 607, 'B418-2'),
       (2077, 607, 'B418-3'),
       (2078, 607, 'B418-4'),
       (2079, 607, 'B418-5'),
       (2080, 608, 'B419-1'),
       (2081, 608, 'B419-2'),
       (2082, 608, 'B419-3'),
       (2083, 608, 'B419-4'),
       (2084, 608, 'B419-5'),
       (2085, 609, 'B420-1'),
       (2086, 609, 'B420-2'),
       (2087, 609, 'B420-3'),
       (2088, 609, 'B420-4'),
       (2089, 609, 'B420-5'),
       (2090, 610, 'B421-1'),
       (2091, 610, 'B421-2'),
       (2092, 610, 'B421-3'),
       (2093, 610, 'B421-4'),
       (2094, 610, 'B421-5'),
       (2095, 611, 'B422-1'),
       (2096, 611, 'B422-2'),
       (2097, 611, 'B422-3'),
       (2098, 611, 'B422-4'),
       (2099, 611, 'B422-5'),
       (2100, 612, 'B423-1'),
       (2101, 612, 'B423-2'),
       (2102, 612, 'B423-3'),
       (2103, 612, 'B423-4'),
       (2104, 612, 'B423-5'),
       (2105, 613, 'B424-1'),
       (2106, 613, 'B424-2'),
       (2107, 613, 'B424-3'),
       (2108, 613, 'B424-4'),
       (2109, 613, 'B424-5'),
       (2110, 614, 'B425-1'),
       (2111, 614, 'B425-2'),
       (2112, 614, 'B425-3'),
       (2113, 614, 'B425-4'),
       (2114, 614, 'B425-5'),
       (2115, 615, 'B426-1'),
       (2116, 615, 'B426-2'),
       (2117, 615, 'B426-3'),
       (2118, 615, 'B426-4'),
       (2119, 615, 'B426-5'),
       (2120, 616, 'B427-1'),
       (2121, 616, 'B427-2'),
       (2122, 616, 'B427-3'),
       (2123, 616, 'B427-4'),
       (2124, 616, 'B427-5'),
       (2125, 617, 'B428-1'),
       (2126, 617, 'B428-2'),
       (2127, 617, 'B428-3'),
       (2128, 617, 'B428-4'),
       (2129, 617, 'B428-5'),
       (2130, 618, 'B429-1'),
       (2131, 618, 'B429-2'),
       (2132, 618, 'B429-3'),
       (2133, 618, 'B429-4'),
       (2134, 618, 'B429-5'),
       (2135, 619, 'B430-1'),
       (2136, 619, 'B430-2'),
       (2137, 619, 'B430-3'),
       (2138, 619, 'B430-4'),
       (2139, 619, 'B430-5'),
       (2140, 620, 'B431-1'),
       (2141, 620, 'B431-2'),
       (2142, 620, 'B431-3'),
       (2143, 620, 'B431-4'),
       (2144, 620, 'B431-5'),
       (2145, 621, 'B432-1'),
       (2146, 621, 'B432-2'),
       (2147, 621, 'B432-3'),
       (2148, 621, 'B432-4'),
       (2149, 621, 'B432-5'),
       (2150, 622, 'B433-1'),
       (2151, 622, 'B433-2'),
       (2152, 622, 'B433-3'),
       (2153, 622, 'B433-4'),
       (2154, 622, 'B433-5'),
       (2155, 623, 'B434-1'),
       (2156, 623, 'B434-2'),
       (2157, 623, 'B434-3'),
       (2158, 623, 'B434-4'),
       (2159, 623, 'B434-5'),
       (2160, 624, 'B435-1'),
       (2161, 624, 'B435-2'),
       (2162, 624, 'B435-3'),
       (2163, 624, 'B435-4'),
       (2164, 624, 'B435-5'),
       (2165, 625, 'B436-1'),
       (2166, 625, 'B436-2'),
       (2167, 625, 'B436-3'),
       (2168, 625, 'B436-4'),
       (2169, 625, 'B436-5'),
       (2170, 626, 'B437-1'),
       (2171, 626, 'B437-2'),
       (2172, 626, 'B437-3'),
       (2173, 626, 'B437-4'),
       (2174, 626, 'B437-5'),
       (2175, 627, 'B438-1'),
       (2176, 627, 'B438-2'),
       (2177, 627, 'B438-3'),
       (2178, 627, 'B438-4'),
       (2179, 627, 'B438-5'),
       (2180, 628, 'B439-1'),
       (2181, 628, 'B439-2'),
       (2182, 628, 'B439-3'),
       (2183, 628, 'B439-4'),
       (2184, 628, 'B439-5'),
       (2185, 629, 'B440-1'),
       (2186, 629, 'B440-2'),
       (2187, 629, 'B440-3'),
       (2188, 629, 'B440-4'),
       (2189, 629, 'B440-5'),
       (2190, 630, 'B441-1'),
       (2191, 630, 'B441-2'),
       (2192, 630, 'B441-3'),
       (2193, 630, 'B441-4'),
       (2194, 630, 'B441-5'),
       (2195, 631, 'B442-1'),
       (2196, 631, 'B442-2'),
       (2197, 631, 'B442-3'),
       (2198, 631, 'B442-4'),
       (2199, 631, 'B442-5'),
       (2200, 632, 'B443-1'),
       (2201, 632, 'B443-2'),
       (2202, 632, 'B443-3'),
       (2203, 632, 'B443-4'),
       (2204, 632, 'B443-5'),
       (2205, 633, 'B444-1'),
       (2206, 633, 'B444-2'),
       (2207, 633, 'B444-3'),
       (2208, 633, 'B444-4'),
       (2209, 633, 'B444-5'),
       (2210, 634, 'B445-1'),
       (2211, 634, 'B445-2'),
       (2212, 634, 'B445-3'),
       (2213, 634, 'B445-4'),
       (2214, 634, 'B445-5'),
       (2215, 635, 'B446-1'),
       (2216, 635, 'B446-2'),
       (2217, 635, 'B446-3'),
       (2218, 635, 'B446-4'),
       (2219, 635, 'B446-5'),
       (2220, 636, 'B447-1'),
       (2221, 636, 'B447-2'),
       (2222, 636, 'B447-3'),
       (2223, 636, 'B447-4'),
       (2224, 636, 'B447-5'),
       (2225, 637, 'B448-1'),
       (2226, 637, 'B448-2'),
       (2227, 637, 'B448-3'),
       (2228, 637, 'B448-4'),
       (2229, 637, 'B448-5'),
       (2230, 638, 'B449-1'),
       (2231, 638, 'B449-2'),
       (2232, 638, 'B449-3'),
       (2233, 638, 'B449-4'),
       (2234, 638, 'B449-5'),
       (2235, 639, 'B450-1'),
       (2236, 639, 'B450-2'),
       (2237, 639, 'B450-3'),
       (2238, 639, 'B450-4'),
       (2239, 639, 'B450-5'),
       (2240, 640, 'B451-1'),
       (2241, 640, 'B451-2'),
       (2242, 640, 'B451-3'),
       (2243, 640, 'B451-4'),
       (2244, 640, 'B451-5'),
       (2245, 641, 'B452-1'),
       (2246, 641, 'B452-2'),
       (2247, 641, 'B452-3'),
       (2248, 641, 'B452-4'),
       (2249, 641, 'B452-5'),
       (2250, 642, 'B453-1'),
       (2251, 642, 'B453-2'),
       (2252, 642, 'B453-3'),
       (2253, 642, 'B453-4'),
       (2254, 642, 'B453-5'),
       (2255, 643, 'B454-1'),
       (2256, 643, 'B454-2'),
       (2257, 643, 'B454-3'),
       (2258, 643, 'B454-4'),
       (2259, 643, 'B454-5'),
       (2260, 644, 'B455-1'),
       (2261, 644, 'B455-2'),
       (2262, 644, 'B455-3'),
       (2263, 644, 'B455-4'),
       (2264, 644, 'B455-5'),
       (2265, 645, 'B456-1'),
       (2266, 645, 'B456-2'),
       (2267, 645, 'B456-3'),
       (2268, 645, 'B456-4'),
       (2269, 645, 'B456-5'),
       (2270, 646, 'B457-1'),
       (2271, 646, 'B457-2'),
       (2272, 646, 'B457-3'),
       (2273, 646, 'B457-4'),
       (2274, 646, 'B457-5'),
       (2275, 647, 'B458-1'),
       (2276, 647, 'B458-2'),
       (2277, 647, 'B458-3'),
       (2278, 647, 'B458-4'),
       (2279, 647, 'B458-5'),
       (2280, 648, 'B459-1'),
       (2281, 648, 'B459-2'),
       (2282, 648, 'B459-3'),
       (2283, 648, 'B459-4'),
       (2284, 648, 'B459-5'),
       (2285, 649, 'B460-1'),
       (2286, 649, 'B460-2'),
       (2287, 649, 'B460-3'),
       (2288, 649, 'B460-4'),
       (2289, 649, 'B460-5'),
       (2290, 650, 'B461-1'),
       (2291, 650, 'B461-2'),
       (2292, 650, 'B461-3'),
       (2293, 650, 'B461-4'),
       (2294, 650, 'B461-5'),
       (2295, 651, 'B462-1'),
       (2296, 651, 'B462-2'),
       (2297, 651, 'B462-3'),
       (2298, 651, 'B462-4'),
       (2299, 651, 'B462-5'),
       (2300, 652, 'B463-1'),
       (2301, 652, 'B463-2'),
       (2302, 652, 'B463-3'),
       (2303, 652, 'B463-4'),
       (2304, 652, 'B463-5'),
       (2305, 653, 'B464-1'),
       (2306, 653, 'B464-2'),
       (2307, 653, 'B464-3'),
       (2308, 653, 'B464-4'),
       (2309, 653, 'B464-5'),
       (2310, 654, 'B465-1'),
       (2311, 654, 'B465-2'),
       (2312, 654, 'B465-3'),
       (2313, 654, 'B465-4'),
       (2314, 654, 'B465-5'),
       (2315, 655, 'B466-1'),
       (2316, 655, 'B466-2'),
       (2317, 655, 'B466-3'),
       (2318, 655, 'B466-4'),
       (2319, 655, 'B466-5'),
       (2320, 656, 'B467-1'),
       (2321, 656, 'B467-2'),
       (2322, 656, 'B467-3'),
       (2323, 656, 'B467-4'),
       (2324, 656, 'B467-5'),
       (2325, 657, 'B468-1'),
       (2326, 657, 'B468-2'),
       (2327, 657, 'B468-3'),
       (2328, 657, 'B468-4'),
       (2329, 657, 'B468-5'),
       (2330, 658, 'B469-1'),
       (2331, 658, 'B469-2'),
       (2332, 658, 'B469-3'),
       (2333, 658, 'B469-4'),
       (2334, 658, 'B469-5'),
       (2335, 659, 'B470-1'),
       (2336, 659, 'B470-2'),
       (2337, 659, 'B470-3'),
       (2338, 659, 'B470-4'),
       (2339, 659, 'B470-5'),
       (2340, 660, 'B471-1'),
       (2341, 660, 'B471-2'),
       (2342, 660, 'B471-3'),
       (2343, 660, 'B471-4'),
       (2344, 660, 'B471-5'),
       (2345, 661, 'B472-1'),
       (2346, 661, 'B472-2'),
       (2347, 661, 'B472-3'),
       (2348, 661, 'B472-4'),
       (2349, 661, 'B472-5'),
       (2350, 662, 'B473-1'),
       (2351, 662, 'B473-2'),
       (2352, 662, 'B473-3'),
       (2353, 662, 'B473-4'),
       (2354, 662, 'B473-5'),
       (2355, 663, 'B474-1'),
       (2356, 663, 'B474-2'),
       (2357, 663, 'B474-3'),
       (2358, 663, 'B474-4'),
       (2359, 663, 'B474-5'),
       (2360, 664, 'B475-1'),
       (2361, 664, 'B475-2'),
       (2362, 664, 'B475-3'),
       (2363, 664, 'B475-4'),
       (2364, 664, 'B475-5'),
       (2365, 665, 'B476-1'),
       (2366, 665, 'B476-2'),
       (2367, 665, 'B476-3'),
       (2368, 665, 'B476-4'),
       (2369, 665, 'B476-5'),
       (2370, 666, 'B477-1'),
       (2371, 666, 'B477-2'),
       (2372, 666, 'B477-3'),
       (2373, 666, 'B477-4'),
       (2374, 666, 'B477-5'),
       (2375, 667, 'B478-1'),
       (2376, 667, 'B478-2'),
       (2377, 667, 'B478-3'),
       (2378, 667, 'B478-4'),
       (2379, 667, 'B478-5'),
       (2380, 668, 'B479-1'),
       (2381, 668, 'B479-2'),
       (2382, 668, 'B479-3'),
       (2383, 668, 'B479-4'),
       (2384, 668, 'B479-5'),
       (2385, 669, 'B480-1'),
       (2386, 669, 'B480-2'),
       (2387, 669, 'B480-3'),
       (2388, 669, 'B480-4'),
       (2389, 669, 'B480-5'),
       (2390, 670, 'B481-1'),
       (2391, 670, 'B481-2'),
       (2392, 670, 'B481-3'),
       (2393, 670, 'B481-4'),
       (2394, 670, 'B481-5'),
       (2395, 671, 'B482-1'),
       (2396, 671, 'B482-2'),
       (2397, 671, 'B482-3'),
       (2398, 671, 'B482-4'),
       (2399, 671, 'B482-5'),
       (2400, 672, 'B483-1'),
       (2401, 672, 'B483-2'),
       (2402, 672, 'B483-3'),
       (2403, 672, 'B483-4'),
       (2404, 672, 'B483-5'),
       (2405, 673, 'B484-1'),
       (2406, 673, 'B484-2'),
       (2407, 673, 'B484-3'),
       (2408, 673, 'B484-4'),
       (2409, 673, 'B484-5'),
       (2410, 674, 'B485-1'),
       (2411, 674, 'B485-2'),
       (2412, 674, 'B485-3'),
       (2413, 674, 'B485-4'),
       (2414, 674, 'B485-5'),
       (2415, 675, 'B486-1'),
       (2416, 675, 'B486-2'),
       (2417, 675, 'B486-3'),
       (2418, 675, 'B486-4'),
       (2419, 675, 'B486-5'),
       (2420, 676, 'B487-1'),
       (2421, 676, 'B487-2'),
       (2422, 676, 'B487-3'),
       (2423, 676, 'B487-4'),
       (2424, 676, 'B487-5'),
       (2425, 677, 'B488-1'),
       (2426, 677, 'B488-2'),
       (2427, 677, 'B488-3'),
       (2428, 677, 'B488-4'),
       (2429, 677, 'B488-5'),
       (2430, 678, 'B489-1'),
       (2431, 678, 'B489-2'),
       (2432, 678, 'B489-3'),
       (2433, 678, 'B489-4'),
       (2434, 678, 'B489-5'),
       (2435, 679, 'B490-1'),
       (2436, 679, 'B490-2'),
       (2437, 679, 'B490-3'),
       (2438, 679, 'B490-4'),
       (2439, 679, 'B490-5'),
       (2440, 680, 'B491-1'),
       (2441, 680, 'B491-2'),
       (2442, 680, 'B491-3'),
       (2443, 680, 'B491-4'),
       (2444, 680, 'B491-5'),
       (2445, 681, 'B492-1'),
       (2446, 681, 'B492-2'),
       (2447, 681, 'B492-3'),
       (2448, 681, 'B492-4'),
       (2449, 681, 'B492-5'),
       (2450, 682, 'B493-1'),
       (2451, 682, 'B493-2'),
       (2452, 682, 'B493-3'),
       (2453, 682, 'B493-4'),
       (2454, 682, 'B493-5'),
       (2455, 683, 'B494-1'),
       (2456, 683, 'B494-2'),
       (2457, 683, 'B494-3'),
       (2458, 683, 'B494-4'),
       (2459, 683, 'B494-5'),
       (2460, 684, 'B495-1'),
       (2461, 684, 'B495-2'),
       (2462, 684, 'B495-3'),
       (2463, 684, 'B495-4'),
       (2464, 684, 'B495-5'),
       (2465, 685, 'B496-1'),
       (2466, 685, 'B496-2'),
       (2467, 685, 'B496-3'),
       (2468, 685, 'B496-4'),
       (2469, 685, 'B496-5'),
       (2470, 686, 'B497-1'),
       (2471, 686, 'B497-2'),
       (2472, 686, 'B497-3'),
       (2473, 686, 'B497-4'),
       (2474, 686, 'B497-5'),
       (2475, 687, 'B498-1'),
       (2476, 687, 'B498-2'),
       (2477, 687, 'B498-3'),
       (2478, 687, 'B498-4'),
       (2479, 687, 'B498-5'),
       (2480, 688, 'B499-1'),
       (2481, 688, 'B499-2'),
       (2482, 688, 'B499-3'),
       (2483, 688, 'B499-4'),
       (2484, 688, 'B499-5'),
       (2485, 689, 'B500-1'),
       (2486, 689, 'B500-2'),
       (2487, 689, 'B500-3'),
       (2488, 689, 'B500-4'),
       (2489, 689, 'B500-5'),
       (2490, 690, 'B501-1'),
       (2491, 690, 'B501-2'),
       (2492, 690, 'B501-3'),
       (2493, 690, 'B501-4'),
       (2494, 690, 'B501-5'),
       (2495, 691, 'B502-1'),
       (2496, 691, 'B502-2'),
       (2497, 691, 'B502-3'),
       (2498, 691, 'B502-4'),
       (2499, 691, 'B502-5'),
       (2500, 692, 'B503-1'),
       (2501, 692, 'B503-2'),
       (2502, 692, 'B503-3'),
       (2503, 692, 'B503-4'),
       (2504, 692, 'B503-5'),
       (2505, 693, 'B504-1'),
       (2506, 693, 'B504-2'),
       (2507, 693, 'B504-3'),
       (2508, 693, 'B504-4'),
       (2509, 693, 'B504-5'),
       (2510, 694, 'B505-1'),
       (2511, 694, 'B505-2'),
       (2512, 694, 'B505-3'),
       (2513, 694, 'B505-4'),
       (2514, 694, 'B505-5'),
       (2515, 695, 'B506-1'),
       (2516, 695, 'B506-2'),
       (2517, 695, 'B506-3'),
       (2518, 695, 'B506-4'),
       (2519, 695, 'B506-5'),
       (2520, 696, 'B507-1'),
       (2521, 696, 'B507-2'),
       (2522, 696, 'B507-3'),
       (2523, 696, 'B507-4'),
       (2524, 696, 'B507-5'),
       (2525, 697, 'B508-1'),
       (2526, 697, 'B508-2'),
       (2527, 697, 'B508-3'),
       (2528, 697, 'B508-4'),
       (2529, 697, 'B508-5'),
       (2530, 698, 'B509-1'),
       (2531, 698, 'B509-2'),
       (2532, 698, 'B509-3'),
       (2533, 698, 'B509-4'),
       (2534, 698, 'B509-5'),
       (2535, 699, 'B510-1'),
       (2536, 699, 'B510-2'),
       (2537, 699, 'B510-3'),
       (2538, 699, 'B510-4'),
       (2539, 699, 'B510-5'),
       (2540, 700, 'B511-1'),
       (2541, 700, 'B511-2'),
       (2542, 700, 'B511-3'),
       (2543, 700, 'B511-4'),
       (2544, 700, 'B511-5'),
       (2545, 701, 'B512-1'),
       (2546, 701, 'B512-2'),
       (2547, 701, 'B512-3'),
       (2548, 701, 'B512-4'),
       (2549, 701, 'B512-5'),
       (2550, 702, 'B513-1'),
       (2551, 702, 'B513-2'),
       (2552, 702, 'B513-3'),
       (2553, 702, 'B513-4'),
       (2554, 702, 'B513-5'),
       (2555, 703, 'B514-1'),
       (2556, 703, 'B514-2'),
       (2557, 703, 'B514-3'),
       (2558, 703, 'B514-4'),
       (2559, 703, 'B514-5'),
       (2560, 704, 'B515-1'),
       (2561, 704, 'B515-2'),
       (2562, 704, 'B515-3'),
       (2563, 704, 'B515-4'),
       (2564, 704, 'B515-5'),
       (2565, 705, 'B516-1'),
       (2566, 705, 'B516-2'),
       (2567, 705, 'B516-3'),
       (2568, 705, 'B516-4'),
       (2569, 705, 'B516-5'),
       (2570, 706, 'B517-1'),
       (2571, 706, 'B517-2'),
       (2572, 706, 'B517-3'),
       (2573, 706, 'B517-4'),
       (2574, 706, 'B517-5'),
       (2575, 707, 'B518-1'),
       (2576, 707, 'B518-2'),
       (2577, 707, 'B518-3'),
       (2578, 707, 'B518-4'),
       (2579, 707, 'B518-5'),
       (2580, 708, 'B519-1'),
       (2581, 708, 'B519-2'),
       (2582, 708, 'B519-3'),
       (2583, 708, 'B519-4'),
       (2584, 708, 'B519-5'),
       (2585, 709, 'B520-1'),
       (2586, 709, 'B520-2'),
       (2587, 709, 'B520-3'),
       (2588, 709, 'B520-4'),
       (2589, 709, 'B520-5'),
       (2590, 710, 'B521-1'),
       (2591, 710, 'B521-2'),
       (2592, 710, 'B521-3'),
       (2593, 710, 'B521-4'),
       (2594, 710, 'B521-5'),
       (2595, 711, 'B522-1'),
       (2596, 711, 'B522-2'),
       (2597, 711, 'B522-3'),
       (2598, 711, 'B522-4'),
       (2599, 711, 'B522-5'),
       (2600, 712, 'B523-1'),
       (2601, 712, 'B523-2'),
       (2602, 712, 'B523-3'),
       (2603, 712, 'B523-4'),
       (2604, 712, 'B523-5'),
       (2605, 713, 'B524-1'),
       (2606, 713, 'B524-2'),
       (2607, 713, 'B524-3'),
       (2608, 713, 'B524-4'),
       (2609, 713, 'B524-5'),
       (2610, 714, 'B525-1'),
       (2611, 714, 'B525-2'),
       (2612, 714, 'B525-3'),
       (2613, 714, 'B525-4'),
       (2614, 714, 'B525-5'),
       (2615, 96, 'B200-5'),
       (2616, 440, 'B251-1'),
       (2617, 440, 'B251-2'),
       (2618, 440, 'B251-3'),
       (2619, 440, 'B251-4'),
       (2620, 440, 'B251-5'),
       (2621, 441, 'B252-1'),
       (2622, 441, 'B252-2'),
       (2623, 441, 'B252-3'),
       (2624, 441, 'B252-4'),
       (2625, 441, 'B252-5'),
       (2626, 442, 'B253-1'),
       (2627, 442, 'B253-2'),
       (2628, 442, 'B253-3'),
       (2629, 442, 'B253-4'),
       (2630, 442, 'B253-5'),
       (2631, 443, 'B254-1'),
       (2632, 443, 'B254-2'),
       (2633, 443, 'B254-3'),
       (2634, 443, 'B254-4'),
       (2635, 443, 'B254-5'),
       (2636, 444, 'B255-1'),
       (2637, 444, 'B255-2'),
       (2638, 444, 'B255-3'),
       (2639, 444, 'B255-4'),
       (2640, 444, 'B255-5'),
       (2641, 445, 'B256-1'),
       (2642, 445, 'B256-2'),
       (2643, 445, 'B256-3'),
       (2644, 445, 'B256-4'),
       (2645, 445, 'B256-5'),
       (2646, 446, 'B257-1'),
       (2647, 446, 'B257-2'),
       (2648, 446, 'B257-3'),
       (2649, 446, 'B257-4'),
       (2650, 446, 'B257-5'),
       (2651, 447, 'B258-1'),
       (2652, 447, 'B258-2'),
       (2653, 447, 'B258-3'),
       (2654, 447, 'B258-4'),
       (2655, 447, 'B258-5'),
       (2656, 448, 'B259-1'),
       (2657, 448, 'B259-2'),
       (2658, 448, 'B259-3'),
       (2659, 448, 'B259-4'),
       (2660, 448, 'B259-5'),
       (2661, 449, 'B260-1'),
       (2662, 449, 'B260-2'),
       (2663, 449, 'B260-3'),
       (2664, 449, 'B260-4'),
       (2665, 449, 'B260-5'),
       (2666, 450, 'B261-1'),
       (2667, 450, 'B261-2'),
       (2668, 450, 'B261-3'),
       (2669, 450, 'B261-4'),
       (2670, 450, 'B261-5'),
       (2671, 451, 'B262-1'),
       (2672, 451, 'B262-2'),
       (2673, 451, 'B262-3'),
       (2674, 451, 'B262-4'),
       (2675, 451, 'B262-5'),
       (2676, 452, 'B263-1'),
       (2677, 452, 'B263-2'),
       (2678, 452, 'B263-3'),
       (2679, 452, 'B263-4'),
       (2680, 452, 'B263-5'),
       (2681, 453, 'B264-1'),
       (2682, 453, 'B264-2'),
       (2683, 453, 'B264-3'),
       (2684, 453, 'B264-4'),
       (2685, 453, 'B264-5'),
       (2686, 454, 'B265-1'),
       (2687, 454, 'B265-2'),
       (2688, 454, 'B265-3'),
       (2689, 454, 'B265-4'),
       (2690, 454, 'B265-5'),
       (2691, 455, 'B266-1'),
       (2692, 455, 'B266-2'),
       (2693, 455, 'B266-3'),
       (2694, 455, 'B266-4'),
       (2695, 455, 'B266-5'),
       (2696, 456, 'B267-1'),
       (2697, 456, 'B267-2'),
       (2698, 456, 'B267-3'),
       (2699, 456, 'B267-4'),
       (2700, 456, 'B267-5'),
       (2701, 457, 'B268-1'),
       (2702, 457, 'B268-2'),
       (2703, 457, 'B268-3'),
       (2704, 457, 'B268-4'),
       (2705, 457, 'B268-5'),
       (2706, 458, 'B269-1'),
       (2707, 458, 'B269-2'),
       (2708, 458, 'B269-3'),
       (2709, 458, 'B269-4'),
       (2710, 458, 'B269-5'),
       (2711, 459, 'B270-1'),
       (2712, 459, 'B270-2'),
       (2713, 459, 'B270-3'),
       (2714, 459, 'B270-4'),
       (2715, 459, 'B270-5'),
       (2716, 460, 'B271-1'),
       (2717, 460, 'B271-2'),
       (2718, 460, 'B271-3'),
       (2719, 460, 'B271-4'),
       (2720, 460, 'B271-5'),
       (2721, 461, 'B272-1'),
       (2722, 461, 'B272-2'),
       (2723, 461, 'B272-3'),
       (2724, 461, 'B272-4'),
       (2725, 461, 'B272-5'),
       (2726, 462, 'B273-1'),
       (2727, 462, 'B273-2'),
       (2728, 462, 'B273-3'),
       (2729, 462, 'B273-4'),
       (2730, 462, 'B273-5'),
       (2731, 463, 'B274-1'),
       (2732, 463, 'B274-2'),
       (2733, 463, 'B274-3'),
       (2734, 463, 'B274-4'),
       (2735, 463, 'B274-5'),
       (2736, 464, 'B275-1'),
       (2737, 464, 'B275-2'),
       (2738, 464, 'B275-3'),
       (2739, 464, 'B275-4'),
       (2740, 464, 'B275-5'),
       (2741, 465, 'B276-1'),
       (2742, 465, 'B276-2'),
       (2743, 465, 'B276-3'),
       (2744, 465, 'B276-4'),
       (2745, 465, 'B276-5'),
       (2746, 466, 'B277-1'),
       (2747, 466, 'B277-2'),
       (2748, 466, 'B277-3'),
       (2749, 466, 'B277-4'),
       (2750, 466, 'B277-5'),
       (2751, 467, 'B278-1'),
       (2752, 467, 'B278-2'),
       (2753, 467, 'B278-3'),
       (2754, 467, 'B278-4'),
       (2755, 467, 'B278-5'),
       (2756, 468, 'B279-1'),
       (2757, 468, 'B279-2'),
       (2758, 468, 'B279-3'),
       (2759, 468, 'B279-4'),
       (2760, 468, 'B279-5'),
       (2761, 469, 'B280-1'),
       (2762, 469, 'B280-2'),
       (2763, 469, 'B280-3'),
       (2764, 469, 'B280-4'),
       (2765, 469, 'B280-5'),
       (2766, 470, 'B281-1'),
       (2767, 470, 'B281-2'),
       (2768, 470, 'B281-3'),
       (2769, 470, 'B281-4'),
       (2770, 470, 'B281-5'),
       (2771, 471, 'B282-1'),
       (2772, 471, 'B282-2'),
       (2773, 471, 'B282-3'),
       (2774, 471, 'B282-4'),
       (2775, 471, 'B282-5'),
       (2776, 472, 'B283-1'),
       (2777, 472, 'B283-2'),
       (2778, 472, 'B283-3'),
       (2779, 472, 'B283-4'),
       (2780, 472, 'B283-5'),
       (2781, 473, 'B284-1'),
       (2782, 473, 'B284-2'),
       (2783, 473, 'B284-3'),
       (2784, 473, 'B284-4'),
       (2785, 473, 'B284-5'),
       (2786, 474, 'B285-1'),
       (2787, 474, 'B285-2'),
       (2788, 474, 'B285-3'),
       (2789, 474, 'B285-4'),
       (2790, 474, 'B285-5'),
       (2791, 475, 'B286-1'),
       (2792, 475, 'B286-2'),
       (2793, 475, 'B286-3'),
       (2794, 475, 'B286-4'),
       (2795, 475, 'B286-5'),
       (2796, 476, 'B287-1'),
       (2797, 476, 'B287-2'),
       (2798, 476, 'B287-3'),
       (2799, 476, 'B287-4'),
       (2800, 476, 'B287-5'),
       (2801, 477, 'B288-1'),
       (2802, 477, 'B288-2'),
       (2803, 477, 'B288-3'),
       (2804, 477, 'B288-4'),
       (2805, 477, 'B288-5'),
       (2806, 478, 'B289-1'),
       (2807, 478, 'B289-2'),
       (2808, 478, 'B289-3'),
       (2809, 478, 'B289-4'),
       (2810, 478, 'B289-5'),
       (2811, 479, 'B290-1'),
       (2812, 479, 'B290-2'),
       (2813, 479, 'B290-3'),
       (2814, 479, 'B290-4'),
       (2815, 479, 'B290-5'),
       (2816, 480, 'B291-1'),
       (2817, 480, 'B291-2'),
       (2818, 480, 'B291-3'),
       (2819, 480, 'B291-4'),
       (2820, 480, 'B291-5'),
       (2821, 481, 'B292-1'),
       (2822, 481, 'B292-2'),
       (2823, 481, 'B292-3'),
       (2824, 481, 'B292-4'),
       (2825, 481, 'B292-5'),
       (2826, 482, 'B293-1'),
       (2827, 482, 'B293-2'),
       (2828, 482, 'B293-3'),
       (2829, 482, 'B293-4'),
       (2830, 482, 'B293-5'),
       (2831, 483, 'B294-1'),
       (2832, 483, 'B294-2'),
       (2833, 483, 'B294-3'),
       (2834, 483, 'B294-4'),
       (2835, 483, 'B294-5'),
       (2836, 484, 'B295-1'),
       (2837, 484, 'B295-2'),
       (2838, 484, 'B295-3'),
       (2839, 484, 'B295-4'),
       (2840, 484, 'B295-5'),
       (2841, 485, 'B296-1'),
       (2842, 485, 'B296-2'),
       (2843, 485, 'B296-3'),
       (2844, 485, 'B296-4'),
       (2845, 485, 'B296-5'),
       (2846, 486, 'B297-1'),
       (2847, 486, 'B297-2'),
       (2848, 486, 'B297-3'),
       (2849, 486, 'B297-4'),
       (2850, 486, 'B297-5'),
       (2851, 487, 'B298-1'),
       (2852, 487, 'B298-2'),
       (2853, 487, 'B298-3'),
       (2854, 487, 'B298-4'),
       (2855, 487, 'B298-5'),
       (2856, 488, 'B299-1'),
       (2857, 488, 'B299-2'),
       (2858, 488, 'B299-3'),
       (2859, 488, 'B299-4'),
       (2860, 488, 'B299-5'),
       (2861, 489, 'B300-1'),
       (2862, 489, 'B300-2'),
       (2863, 489, 'B300-3'),
       (2864, 489, 'B300-4'),
       (2865, 489, 'B300-5'),
       (2866, 490, 'B301-1'),
       (2867, 490, 'B301-2'),
       (2868, 490, 'B301-3'),
       (2869, 490, 'B301-4'),
       (2870, 490, 'B301-5'),
       (2871, 491, 'B302-1'),
       (2872, 491, 'B302-2'),
       (2873, 491, 'B302-3'),
       (2874, 491, 'B302-4'),
       (2875, 491, 'B302-5'),
       (2876, 492, 'B303-1'),
       (2877, 492, 'B303-2'),
       (2878, 492, 'B303-3'),
       (2879, 492, 'B303-4'),
       (2880, 492, 'B303-5'),
       (2881, 493, 'B304-1'),
       (2882, 493, 'B304-2'),
       (2883, 493, 'B304-3'),
       (2884, 493, 'B304-4'),
       (2885, 493, 'B304-5'),
       (2886, 494, 'B305-1'),
       (2887, 494, 'B305-2'),
       (2888, 494, 'B305-3'),
       (2889, 494, 'B305-4'),
       (2890, 494, 'B305-5'),
       (2891, 495, 'B306-1'),
       (2892, 495, 'B306-2'),
       (2893, 495, 'B306-3'),
       (2894, 495, 'B306-4'),
       (2895, 495, 'B306-5'),
       (2896, 496, 'B307-1'),
       (2897, 496, 'B307-2'),
       (2898, 496, 'B307-3'),
       (2899, 496, 'B307-4'),
       (2900, 496, 'B307-5'),
       (2901, 497, 'B308-1'),
       (2902, 497, 'B308-2'),
       (2903, 497, 'B308-3'),
       (2904, 497, 'B308-4'),
       (2905, 497, 'B308-5'),
       (2906, 498, 'B309-1'),
       (2907, 498, 'B309-2'),
       (2908, 498, 'B309-3'),
       (2909, 498, 'B309-4'),
       (2910, 498, 'B309-5'),
       (2911, 499, 'B310-1'),
       (2912, 499, 'B310-2'),
       (2913, 499, 'B310-3'),
       (2914, 499, 'B310-4'),
       (2915, 499, 'B310-5'),
       (2916, 500, 'B311-1'),
       (2917, 500, 'B311-2'),
       (2918, 500, 'B311-3'),
       (2919, 500, 'B311-4'),
       (2920, 500, 'B311-5'),
       (2921, 501, 'B312-1'),
       (2922, 501, 'B312-2'),
       (2923, 501, 'B312-3'),
       (2924, 501, 'B312-4'),
       (2925, 501, 'B312-5'),
       (2926, 502, 'B313-1'),
       (2927, 502, 'B313-2'),
       (2928, 502, 'B313-3'),
       (2929, 502, 'B313-4'),
       (2930, 502, 'B313-5'),
       (2931, 503, 'B314-1'),
       (2932, 503, 'B314-2'),
       (2933, 503, 'B314-3'),
       (2934, 503, 'B314-4'),
       (2935, 503, 'B314-5'),
       (2936, 504, 'B315-1'),
       (2937, 504, 'B315-2'),
       (2938, 504, 'B315-3'),
       (2939, 504, 'B315-4'),
       (2940, 504, 'B315-5'),
       (2941, 505, 'B316-1'),
       (2942, 505, 'B316-2'),
       (2943, 505, 'B316-3'),
       (2944, 505, 'B316-4'),
       (2945, 505, 'B316-5'),
       (2946, 506, 'B317-1'),
       (2947, 506, 'B317-2'),
       (2948, 506, 'B317-3'),
       (2949, 506, 'B317-4'),
       (2950, 506, 'B317-5'),
       (2951, 507, 'B318-1'),
       (2952, 507, 'B318-2'),
       (2953, 507, 'B318-3'),
       (2954, 507, 'B318-4'),
       (2955, 507, 'B318-5'),
       (2956, 508, 'B319-1'),
       (2957, 508, 'B319-2'),
       (2958, 508, 'B319-3'),
       (2959, 508, 'B319-4'),
       (2960, 508, 'B319-5'),
       (2961, 509, 'B320-1'),
       (2962, 509, 'B320-2'),
       (2963, 509, 'B320-3'),
       (2964, 509, 'B320-4'),
       (2965, 509, 'B320-5'),
       (2966, 510, 'B321-1'),
       (2967, 510, 'B321-2'),
       (2968, 510, 'B321-3'),
       (2969, 510, 'B321-4'),
       (2970, 510, 'B321-5'),
       (2971, 511, 'B322-1'),
       (2972, 511, 'B322-2'),
       (2973, 511, 'B322-3'),
       (2974, 511, 'B322-4'),
       (2975, 511, 'B322-5'),
       (2976, 512, 'B323-1'),
       (2977, 512, 'B323-2'),
       (2978, 512, 'B323-3'),
       (2979, 512, 'B323-4'),
       (2980, 512, 'B323-5'),
       (2981, 513, 'B324-1'),
       (2982, 513, 'B324-2'),
       (2983, 513, 'B324-3'),
       (2984, 513, 'B324-4'),
       (2985, 513, 'B324-5'),
       (2986, 514, 'B325-1'),
       (2987, 514, 'B325-2'),
       (2988, 514, 'B325-3'),
       (2989, 514, 'B325-4'),
       (2990, 514, 'B325-5'),
       (2991, 515, 'B326-1'),
       (2992, 515, 'B326-2'),
       (2993, 515, 'B326-3'),
       (2994, 515, 'B326-4'),
       (2995, 515, 'B326-5'),
       (2996, 516, 'B327-1'),
       (2997, 516, 'B327-2'),
       (2998, 516, 'B327-3'),
       (2999, 516, 'B327-4'),
       (3000, 516, 'B327-5'),
       (3001, 517, 'B328-1'),
       (3002, 517, 'B328-2'),
       (3003, 517, 'B328-3'),
       (3004, 517, 'B328-4'),
       (3005, 517, 'B328-5'),
       (3006, 518, 'B329-1'),
       (3007, 518, 'B329-2'),
       (3008, 518, 'B329-3'),
       (3009, 518, 'B329-4'),
       (3010, 518, 'B329-5'),
       (3011, 519, 'B330-1'),
       (3012, 519, 'B330-2'),
       (3013, 519, 'B330-3'),
       (3014, 519, 'B330-4'),
       (3015, 519, 'B330-5'),
       (3016, 520, 'B331-1'),
       (3017, 520, 'B331-2'),
       (3018, 520, 'B331-3'),
       (3019, 520, 'B331-4'),
       (3020, 520, 'B331-5'),
       (3021, 521, 'B332-1'),
       (3022, 521, 'B332-2'),
       (3023, 521, 'B332-3'),
       (3024, 521, 'B332-4'),
       (3025, 521, 'B332-5'),
       (3026, 522, 'B333-1'),
       (3027, 522, 'B333-2'),
       (3028, 522, 'B333-3'),
       (3029, 522, 'B333-4'),
       (3030, 522, 'B333-5'),
       (3031, 523, 'B334-1'),
       (3032, 523, 'B334-2'),
       (3033, 523, 'B334-3'),
       (3034, 523, 'B334-4'),
       (3035, 523, 'B334-5'),
       (3036, 524, 'B335-1'),
       (3037, 524, 'B335-2'),
       (3038, 524, 'B335-3'),
       (3039, 524, 'B335-4'),
       (3040, 524, 'B335-5'),
       (3041, 525, 'B336-1'),
       (3042, 525, 'B336-2'),
       (3043, 525, 'B336-3'),
       (3044, 525, 'B336-4'),
       (3045, 525, 'B336-5'),
       (3046, 526, 'B337-1'),
       (3047, 526, 'B337-2'),
       (3048, 526, 'B337-3'),
       (3049, 526, 'B337-4'),
       (3050, 526, 'B337-5'),
       (3051, 527, 'B338-1'),
       (3052, 527, 'B338-2'),
       (3053, 527, 'B338-3'),
       (3054, 527, 'B338-4'),
       (3055, 527, 'B338-5'),
       (3056, 528, 'B339-1'),
       (3057, 528, 'B339-2'),
       (3058, 528, 'B339-3'),
       (3059, 528, 'B339-4'),
       (3060, 528, 'B339-5'),
       (3061, 529, 'B340-1'),
       (3062, 529, 'B340-2'),
       (3063, 529, 'B340-3'),
       (3064, 529, 'B340-4'),
       (3065, 529, 'B340-5'),
       (3066, 530, 'B341-1'),
       (3067, 530, 'B341-2'),
       (3068, 530, 'B341-3'),
       (3069, 530, 'B341-4'),
       (3070, 530, 'B341-5'),
       (3071, 531, 'B342-1'),
       (3072, 531, 'B342-2'),
       (3073, 531, 'B342-3'),
       (3074, 531, 'B342-4'),
       (3075, 531, 'B342-5'),
       (3076, 532, 'B343-1'),
       (3077, 715, 'A909-1'),
       (3078, 715, 'A909-2'),
       (3079, 715, 'A909-3'),
       (3080, 715, 'A909-4'),
       (3081, 715, 'A909-5'),
       (3082, 716, 'A910-1'),
       (3083, 716, 'A910-2'),
       (3084, 716, 'A910-3'),
       (3085, 716, 'A910-4'),
       (3086, 716, 'A910-5'),
       (3087, 717, 'A911-1'),
       (3088, 717, 'A911-2'),
       (3089, 717, 'A911-3'),
       (3090, 717, 'A911-4'),
       (3091, 717, 'A911-5'),
       (3092, 718, 'A912-1'),
       (3093, 718, 'A912-2'),
       (3094, 718, 'A912-3'),
       (3095, 718, 'A912-4'),
       (3096, 718, 'A912-5'),
       (3097, 719, 'A913-1'),
       (3098, 719, 'A913-2'),
       (3099, 719, 'A913-3'),
       (3100, 719, 'A913-4'),
       (3101, 719, 'A913-5'),
       (3102, 720, 'A914-1'),
       (3103, 720, 'A914-2'),
       (3104, 720, 'A914-3'),
       (3105, 720, 'A914-4'),
       (3106, 720, 'A914-5'),
       (3107, 721, 'A915-1'),
       (3108, 721, 'A915-2'),
       (3109, 721, 'A915-3'),
       (3110, 721, 'A915-4'),
       (3111, 721, 'A915-5'),
       (3112, 722, 'A916-1'),
       (3113, 722, 'A916-2'),
       (3114, 722, 'A916-3'),
       (3115, 722, 'A916-4'),
       (3116, 722, 'A916-5');

/*Table structure for table `drom_storey` */

DROP TABLE IF EXISTS `drom_storey`;

CREATE TABLE `drom_storey`
(
    `storey_id`   int NOT NULL AUTO_INCREMENT COMMENT '层数id',
    `build_id`    int                                                   DEFAULT NULL COMMENT '栋数id',
    `storey_name` varchar(36) CHARACTER SET utf8mb4 COLLATE utf8mb4_bin DEFAULT NULL COMMENT '层名称',
    PRIMARY KEY (`storey_id`) USING BTREE
) ENGINE = InnoDB
  AUTO_INCREMENT = 191
  DEFAULT CHARSET = utf8mb4
  COLLATE = utf8mb4_bin
  ROW_FORMAT = DYNAMIC;

/*Data for the table `drom_storey` */

insert into `drom_storey`(`storey_id`, `build_id`, `storey_name`)
values (17, 3, '一层'),
       (18, 3, '二层'),
       (19, 3, '三层'),
       (20, 3, '四层'),
       (21, 3, '五层'),
       (22, 4, '一层'),
       (23, 4, '二层'),
       (24, 4, '三层'),
       (25, 4, '四层'),
       (26, 4, '五层'),
       (27, 4, '六层'),
       (28, 4, '七层'),
       (29, 4, '八层'),
       (30, 4, '九层'),
       (32, 5, '一层'),
       (33, 5, '二层'),
       (34, 5, '三层'),
       (35, 5, '四层'),
       (37, 5, '五层'),
       (38, 6, '一层'),
       (39, 6, '二层'),
       (40, 6, '三层'),
       (41, 6, '四层'),
       (44, 6, '五层'),
       (45, 7, '一层'),
       (46, 7, '二层'),
       (47, 7, '三层'),
       (48, 7, '四层'),
       (49, 7, '五层'),
       (50, 7, '六层'),
       (51, 8, '一层'),
       (52, 8, '二层'),
       (53, 8, '三层'),
       (54, 8, '四层'),
       (55, 8, '五层'),
       (56, 8, '六层'),
       (57, 9, '一层'),
       (58, 9, '二层'),
       (59, 9, '三层'),
       (60, 9, '四层'),
       (61, 9, '五层'),
       (62, 9, '六层'),
       (63, 10, '一层'),
       (64, 10, '二层'),
       (65, 10, '三层'),
       (66, 10, '四层'),
       (67, 10, '五层'),
       (68, 10, '六层'),
       (69, 11, '一层'),
       (70, 11, '二层'),
       (71, 11, '三层'),
       (72, 11, '四层'),
       (73, 11, '五层'),
       (74, 11, '六层'),
       (75, 12, '一层'),
       (76, 12, '二层'),
       (77, 12, '三层'),
       (78, 12, '四层'),
       (79, 12, '五层'),
       (80, 12, '六层'),
       (82, 3, '六层'),
       (83, 4, '10层'),
       (84, 4, '11层'),
       (85, 4, '12层'),
       (86, 13, '一层'),
       (87, 13, '二层'),
       (88, 13, '三层'),
       (89, 13, '四层'),
       (90, 13, '五层'),
       (91, 13, '六层'),
       (92, 13, '七层'),
       (105, 15, '一层'),
       (106, 15, '二层'),
       (107, 15, '三层'),
       (108, 15, '四层'),
       (109, 15, '五层'),
       (110, 15, '六层'),
       (111, 16, '一层'),
       (114, 17, '一层'),
       (115, 17, '二层'),
       (116, 17, '三层'),
       (117, 17, '四层'),
       (118, 17, '五层'),
       (120, 18, '一层'),
       (121, 18, '二层'),
       (122, 18, '三层'),
       (123, 18, '四层'),
       (124, 18, '五层'),
       (126, 19, '一层'),
       (127, 19, '二层'),
       (128, 19, '三层'),
       (129, 19, '四层'),
       (130, 19, '五层'),
       (132, 20, '一层'),
       (133, 20, '二层'),
       (134, 20, '三层'),
       (135, 20, '四层'),
       (136, 20, '五层'),
       (138, 21, '一层'),
       (139, 21, '二层'),
       (140, 21, '三层'),
       (141, 21, '四层'),
       (142, 21, '五层'),
       (143, 22, '一层'),
       (144, 22, '二层'),
       (145, 22, '三层'),
       (146, 22, '四层'),
       (147, 22, '五层'),
       (148, 23, '一层'),
       (149, 23, '二层'),
       (150, 23, '三层'),
       (151, 23, '四层'),
       (152, 23, '五层'),
       (153, 24, '一层'),
       (154, 24, '二层'),
       (155, 24, '三层'),
       (156, 24, '四层'),
       (157, 24, '五层'),
       (159, 25, '一层'),
       (160, 25, '二层'),
       (161, 25, '三层'),
       (162, 25, '四层'),
       (163, 25, '五层'),
       (165, 26, '一层'),
       (166, 26, '二层'),
       (167, 26, '三层'),
       (168, 26, '四层'),
       (169, 26, '五层'),
       (170, 3, '七层'),
       (171, 27, '一层'),
       (172, 27, '二层'),
       (173, 27, '三层'),
       (174, 27, '四层'),
       (175, 27, '五层'),
       (176, 28, '一层'),
       (177, 28, '二层'),
       (178, 28, '三层'),
       (179, 28, '四层'),
       (180, 28, '五层'),
       (182, 34, '一层'),
       (183, 34, '二层'),
       (185, 67, '一层'),
       (186, 68, '一层'),
       (187, 68, '二层'),
       (188, 68, '三层'),
       (190, 5, '六层');

/*Table structure for table `school_class` */

DROP TABLE IF EXISTS `school_class`;

CREATE TABLE `school_class`
(
    `class_id`   int NOT NULL AUTO_INCREMENT COMMENT '班级id',
    `major_id`   int                                                   DEFAULT NULL COMMENT '专业id',
    `class_name` varchar(64) CHARACTER SET utf8mb4 COLLATE utf8mb4_bin DEFAULT NULL COMMENT '班级名称',
    `class_year` varchar(12) CHARACTER SET utf8mb4 COLLATE utf8mb4_bin DEFAULT NULL COMMENT '招生年份',
    PRIMARY KEY (`class_id`) USING BTREE,
    KEY `major_id` (`major_id`),
    CONSTRAINT `school_class_ibfk_1` FOREIGN KEY (`major_id`) REFERENCES `school_major` (`major_id`)
) ENGINE = InnoDB
  AUTO_INCREMENT = 48
  DEFAULT CHARSET = utf8mb4
  COLLATE = utf8mb4_bin
  ROW_FORMAT = DYNAMIC;

/*Data for the table `school_class` */

insert into `school_class`(`class_id`, `major_id`, `class_name`, `class_year`)
values (1, 4, '土木工程1班', '2021'),
       (3, 1, '计科3班', '2022'),
       (4, 5, '农业电气化1班', '2022'),
       (5, 1, '计科2班', '2022'),
       (8, 1, '计科6班', '2021');

/*Table structure for table `school_collage` */

DROP TABLE IF EXISTS `school_collage`;

CREATE TABLE `school_collage`
(
    `collage_id`   int NOT NULL AUTO_INCREMENT COMMENT '学院id',
    `collage_name` varchar(64) CHARACTER SET utf8mb4 COLLATE utf8mb4_unicode_ci DEFAULT NULL COMMENT '学院名称',
    `create_time`  datetime                                                     DEFAULT NULL COMMENT '创建时间',
    PRIMARY KEY (`collage_id`) USING BTREE
) ENGINE = InnoDB
  AUTO_INCREMENT = 19
  DEFAULT CHARSET = utf8mb4
  COLLATE = utf8mb4_unicode_ci
  ROW_FORMAT = DYNAMIC;

/*Data for the table `school_collage` */

insert into `school_collage`(`collage_id`, `collage_name`, `create_time`)
values (1, '理工学部', '2022-03-17 22:18:42'),
       (2, '商学部', '2022-03-17 22:19:25'),
       (3, '农学院', '2022-04-01 14:06:35'),
       (4, '艺术学院', '2022-04-01 14:06:51'),
       (5, '法学院', '2022-04-10 23:08:51'),
       (11, '最后', '2023-02-15 23:32:16'),
       (15, '阿萨德', '2023-02-17 22:36:37'),
       (16, '艺术与设计学院', '2023-02-18 01:30:00'),
       (17, '计算机与电子信息学院', '2023-02-18 01:30:00'),
       (18, '通信与信息工程学院', '2023-02-18 01:30:00');

/*Table structure for table `school_major` */

DROP TABLE IF EXISTS `school_major`;

CREATE TABLE `school_major`
(
    `major_id`   int NOT NULL AUTO_INCREMENT COMMENT '专业id',
    `collage_id` int                                                   DEFAULT NULL COMMENT '学院id',
    `major_name` varchar(64) CHARACTER SET utf8mb4 COLLATE utf8mb4_bin DEFAULT NULL COMMENT '专业名称',
    `order_num`  int                                                   DEFAULT NULL COMMENT '序号',
    PRIMARY KEY (`major_id`) USING BTREE,
    KEY `collage_id` (`collage_id`),
    CONSTRAINT `school_major_ibfk_1` FOREIGN KEY (`collage_id`) REFERENCES `school_collage` (`collage_id`)
) ENGINE = InnoDB
  AUTO_INCREMENT = 40
  DEFAULT CHARSET = utf8mb4
  COLLATE = utf8mb4_bin
  ROW_FORMAT = DYNAMIC;

/*Data for the table `school_major` */

insert into `school_major`(`major_id`, `collage_id`, `major_name`, `order_num`)
values (1, 1, '计算机科学与技术', 1),
       (4, 1, '土木工程', 2),
       (5, 3, '农业电气化', 7),
       (6, 4, '播音与主持', 4),
       (10, 2, '国际经济与贸易', 5),
       (11, 5, '社会工作', 6),
       (19, 3, '测试2', NULL),
       (20, 1, '啊啊啊', NULL),
       (21, 16, '产品设计', 1),
       (22, 16, '动画', 2),
       (23, 16, '工业设计', 3),
       (24, 16, '影视制作', 4),
       (25, 16, '数字媒体技术', 5),
       (26, 16, '环境设计', 6),
       (27, 16, '视觉传达设计', 7),
       (28, 16, '音乐表演', 8),
       (29, 17, '人工智能', 1),
       (30, 17, '信息安全', 2),
       (31, 17, '数据科学与大数据技术', 3),
       (32, 17, '物联网工程', 4),
       (33, 17, '计算机科学与技术', 5),
       (34, 17, '计算机网络工程', 6),
       (35, 17, '软件工程', 7),
       (36, 18, '信息工程', 1),
       (37, 18, '广播电视工程', 2),
       (38, 18, '电子信息工程', 3),
       (39, 18, '通信工程', 4);

/*Table structure for table `school_student` */

DROP TABLE IF EXISTS `school_student`;

CREATE TABLE `school_student`
(
    `stu_id`   int NOT NULL AUTO_INCREMENT COMMENT '学生id',
    `class_id` int                                                    DEFAULT NULL COMMENT '班级id',
    `stu_name` varchar(36) CHARACTER SET utf8mb4 COLLATE utf8mb4_bin  DEFAULT NULL COMMENT '姓名',
    `sex`      varchar(2) CHARACTER SET utf8mb4 COLLATE utf8mb4_bin   DEFAULT NULL COMMENT '性别 0:男 1：女',
    `stu_num`  varchar(64) CHARACTER SET utf8mb4 COLLATE utf8mb4_bin  DEFAULT NULL COMMENT '学号',
    `id_card`  varchar(36) CHARACTER SET utf8mb4 COLLATE utf8mb4_bin  DEFAULT NULL COMMENT '身份证',
    `phone`    varchar(16) CHARACTER SET utf8mb4 COLLATE utf8mb4_bin  DEFAULT NULL COMMENT '手机号',
    `password` varchar(128) CHARACTER SET utf8mb4 COLLATE utf8mb4_bin DEFAULT NULL COMMENT '密码',
    PRIMARY KEY (`stu_id`) USING BTREE,
    KEY `class_id` (`class_id`),
    CONSTRAINT `school_student_ibfk_1` FOREIGN KEY (`class_id`) REFERENCES `school_class` (`class_id`)
) ENGINE = InnoDB
  AUTO_INCREMENT = 85
  DEFAULT CHARSET = utf8mb4
  COLLATE = utf8mb4_bin
  ROW_FORMAT = DYNAMIC;

/*Data for the table `school_student` */

insert into `school_student`(`stu_id`, `class_id`, `stu_name`, `sex`, `stu_num`, `id_card`, `phone`, `password`)
values (7, 1, '张三', '1', '2022001', '561231321', '134564646', 'e10adc3949ba59abbe56e057f20f883e'),
       (8, 3, '李四', '0', '2022002', '4564112313', '5613121312', 'f379eaf3c831b04de153469d1bec345e'),
       (9, 3, 'cs', '0', '20220325', '45613132', '18687116223', 'f379eaf3c831b04de153469d1bec345e'),
       (10, 1, 'cs11', '0', '2020001', '45613131231', '1321312323', '202cb962ac59075b964b07152d234b70'),
       (12, 4, '李华', '0', '2019001', '45613132', '1346465466', 'f379eaf3c831b04de153469d1bec345e'),
       (14, 3, '张明华', '0', '2022110', '45612312313', '18787171906', 'e10adc3949ba59abbe56e057f20f883e'),
       (15, 3, '李林章', '0', '2022111', '1231456465', '461132132', 'e10adc3949ba59abbe56e057f20f883e'),
       (21, 3, 'cs2', '0', '2022112', '13465464564', '46513123', 'e10adc3949ba59abbe56e057f20f883e'),
       (22, 3, 'cs3', '0', '2022113', '134654641321', '1646456', 'e10adc3949ba59abbe56e057f20f883e'),
       (24, 3, 'cd5', '0', '2022115', '12345646456', '134564656', 'e10adc3949ba59abbe56e057f20f883e'),
       (27, 5, '李三', '0', '20222223', '41234654613213', '156454431312', 'e10adc3949ba59abbe56e057f20f883e'),
       (35, 8, '张三亿', '1', '2030118', '465413213', '1456464564', 'e10adc3949ba59abbe56e057f20f883e'),
       (37, 5, '赵明刚', '0', '2030119', '456132131232', '1464646544', 'e10adc3949ba59abbe56e057f20f883e'),
       (39, 4, 'test009', '0', '20220911', '4564613121323', '1564646456', 'e10adc3949ba59abbe56e057f20f883e'),
       (40, 3, '测试学生11', '0', '454', '456465465', '17377511287', '202cb962ac59075b964b07152d234b70'),
       (41, 3, '小白狼', '0', '123', '1', '15878006504', '202cb962ac59075b964b07152d234b70'),
       (42, 3, '12', '1', '1333', '1', '1', 'c4ca4238a0b923820dcc509a6f75849b'),
       (44, 3, '2', '0', '2', '2', '2', 'c81e728d9d4c2f636f067f89cc14862c'),
       (46, 4, '姓名', '1', '学号', '身份证', '电话', 'c81e728d9d4c2f636f067f89cc14862c'),
       (48, 5, '美羊羊', '1', '10001', '12', '12', 'c4ca4238a0b923820dcc509a6f75849b'),
       (52, 3, '2', '1', '3', '3', '3', 'eccbc87e4b5ce2fe28308fd9f2a7baf3'),
       (56, 3, '1', '0', '1', '1', '1', 'c4ca4238a0b923820dcc509a6f75849b'),
       (59, 3, '白兔', '0', 'AA', 'A', 'A', '0d61f8370cad1d412f80b84d143e1257'),
       (60, 3, 'ff', '0', 'vvv', 'v', 'v', 'c4055e3a20b6b3af3d10590ea446ef6c'),
       (61, 3, 'a', '1', 'aa', 'a', 'a', '0cc175b9c0f1b6a831c399e269772661'),
       (62, 3, 'a', '1', 'aa', 'a', 'a', '0cc175b9c0f1b6a831c399e269772661'),
       (63, 3, 'a', '1', 'aa', 'a', 'a', '0cc175b9c0f1b6a831c399e269772661'),
       (64, 3, 'a', '1', 'aa', 'a', 'a', '0cc175b9c0f1b6a831c399e269772661'),
       (65, 3, 'a', '1', 'aa', 'a', 'a', '0cc175b9c0f1b6a831c399e269772661'),
       (66, 3, 'a', '1', 'aa', 'a', 'a', '0cc175b9c0f1b6a831c399e269772661'),
       (67, 3, 'a', '1', 'aa', 'a', 'a', '0cc175b9c0f1b6a831c399e269772661'),
       (68, 3, 'a', '1', 'aa', 'a', 'a', '0cc175b9c0f1b6a831c399e269772661'),
       (69, 3, 'q', '0', '1q', 'q', 'q', '7694f4a66316e53c8cdd9d9954bd611d'),
       (70, 3, '白兔', '0', 'S', 'S', 'S', 'f379eaf3c831b04de153469d1bec345e'),
       (72, 4, '1', '0', 'D1', '1', '1', 'c4ca4238a0b923820dcc509a6f75849b'),
       (73, 4, '测试', '0', '21', '2', '2', '3c59dc048e8850243be8079a5c74d079'),
       (74, 1, '1', '0', 'AQ', '1', '1', '406a827681ba573eb9029a9a41cae6d7'),
       (75, 4, 'a', '0', 'az', 'a', 'a', 'cc8c0a97c2dfcd73caff160b65aa39e2'),
       (76, 1, 'q', '1', 'cx', 'cx', 'cx', '0bdff8095c8bf1b38775bf35547a1317'),
       (77, 4, '1', '0', '77', '1', '1', '28dd2c7955ce926456240b2ff0100bde'),
       (79, 1, '1', '0', 'DDD', 'D', 'D', '45054f47ac3305a2a33e9bcceadff712'),
       (80, 1, '1', '0', '1D', '11', '1', 'f149c23cf5b13e619e76d9f013ca0d5e'),
       (81, 3, '1', '0', '1V', '1', '1', '9e187de0ecdb2f3303c1a9f3a106a1e0'),
       (82, 3, 'WechatBottt', '0', 'AC', 'AC', 'AC', '4144e097d2fa7a491cec2a7a4322f2bc'),
       (83, 3, 'D', '1', 'DF', 'DD', 'DD', 'b98f83032f6e8ca0c8f5a38bca1e3d75');

/*Table structure for table `select_bed` */

DROP TABLE IF EXISTS `select_bed`;

CREATE TABLE `select_bed`
(
    `select_id` int NOT NULL AUTO_INCREMENT COMMENT '主键',
    `bed_id`    int DEFAULT NULL COMMENT '床位id',
    `stu_id`    int DEFAULT NULL COMMENT '学生id',
    PRIMARY KEY (`select_id`) USING BTREE,
    KEY `bed_id` (`bed_id`),
    CONSTRAINT `select_bed_ibfk_1` FOREIGN KEY (`bed_id`) REFERENCES `drom_room_bed` (`bed_id`)
) ENGINE = InnoDB
  AUTO_INCREMENT = 66
  DEFAULT CHARSET = utf8mb4
  COLLATE = utf8mb4_bin
  ROW_FORMAT = DYNAMIC;

/*Data for the table `select_bed` */

insert into `select_bed`(`select_id`, `bed_id`, `stu_id`)
values (19, 791, 28),
       (20, 650, 31),
       (21, 651, 30),
       (22, 805, 27),
       (23, 773, 12),
       (24, 644, 26),
       (26, 604, 11),
       (27, 606, 32),
       (28, 609, 35),
       (29, 140, 36),
       (30, 528, 37),
       (34, 55, 13),
       (51, 1005, 51),
       (53, 1136, 56),
       (54, 1189, 21),
       (56, 320, 8),
       (57, 321, 10),
       (59, 322, 46),
       (61, 2615, 57),
       (62, 1239, 80),
       (63, 53, 47),
       (65, 323, 22);

/*Table structure for table `stu_role` */

DROP TABLE IF EXISTS `stu_role`;

CREATE TABLE `stu_role`
(
    `stu_role_id` int NOT NULL AUTO_INCREMENT COMMENT '主键',
    `stu_id`      int DEFAULT NULL COMMENT '学生id',
    `role_id`     int DEFAULT NULL COMMENT '角色id',
    PRIMARY KEY (`stu_role_id`) USING BTREE
) ENGINE = InnoDB
  AUTO_INCREMENT = 86
  DEFAULT CHARSET = utf8mb4
  COLLATE = utf8mb4_bin
  ROW_FORMAT = DYNAMIC;

/*Data for the table `stu_role` */

insert into `stu_role`(`stu_role_id`, `stu_id`, `role_id`)
values (7, 8, 4),
       (9, 9, 4),
       (11, 10, 4),
       (13, 12, 4),
       (15, 14, 4),
       (16, 15, 4),
       (17, 21, 4),
       (18, 22, 4),
       (20, 24, 4),
       (21, 25, 4),
       (22, 26, 4),
       (23, 27, 4),
       (24, 28, 4),
       (25, 29, 4),
       (29, 33, 4),
       (30, 34, 4),
       (31, 35, 4),
       (32, 36, 4),
       (33, 37, 4),
       (34, 38, 4),
       (35, 39, 4),
       (36, 40, 5),
       (38, 42, 7),
       (40, 44, 4),
       (41, 45, 4),
       (42, 46, 4),
       (52, 47, 4),
       (54, 56, 4),
       (55, 57, 4),
       (61, 7, 4),
       (63, 61, 4),
       (64, 62, 4),
       (65, 63, 4),
       (66, 64, 4),
       (67, 65, 4),
       (68, 66, 4),
       (69, 67, 4),
       (70, 68, 4),
       (72, 71, 4),
       (73, 72, 4),
       (74, 73, 4),
       (78, 77, 4),
       (79, 78, 4),
       (80, 79, NULL),
       (81, 80, 4),
       (82, 81, NULL),
       (83, 82, 4),
       (84, 83, 4);

/*Table structure for table `sys_menu` */

DROP TABLE IF EXISTS `sys_menu`;

CREATE TABLE `sys_menu`
(
    `menu_id`     int NOT NULL AUTO_INCREMENT COMMENT '菜单id',
    `parent_id`   int                                                    DEFAULT NULL COMMENT '父级菜单id',
    `title`       varchar(36) CHARACTER SET utf8mb4 COLLATE utf8mb4_bin  DEFAULT NULL COMMENT '菜单名称',
    `code`        varchar(36) CHARACTER SET utf8mb4 COLLATE utf8mb4_bin  DEFAULT NULL COMMENT '权限字段',
    `name`        varchar(36) CHARACTER SET utf8mb4 COLLATE utf8mb4_bin  DEFAULT NULL COMMENT '路由name',
    `path`        varchar(36) CHARACTER SET utf8mb4 COLLATE utf8mb4_bin  DEFAULT NULL COMMENT '路由path',
    `url`         varchar(128) CHARACTER SET utf8mb4 COLLATE utf8mb4_bin DEFAULT NULL COMMENT '组件路径',
    `type`        varchar(2) CHARACTER SET utf8mb4 COLLATE utf8mb4_bin   DEFAULT NULL COMMENT '类型(0 目录 1菜单，2按钮)',
    `icon`        varchar(36) CHARACTER SET utf8mb4 COLLATE utf8mb4_bin  DEFAULT NULL COMMENT '菜单图标',
    `parent_name` varchar(36) CHARACTER SET utf8mb4 COLLATE utf8mb4_bin  DEFAULT NULL COMMENT '上级菜单名称',
    `order_num`   int                                                    DEFAULT NULL COMMENT '序号',
    `create_time` datetime                                               DEFAULT NULL COMMENT '创建时间',
    `update_time` datetime                                               DEFAULT NULL COMMENT '更新时间',
    PRIMARY KEY (`menu_id`) USING BTREE
) ENGINE = InnoDB
  AUTO_INCREMENT = 75
  DEFAULT CHARSET = utf8mb4
  COLLATE = utf8mb4_bin
  ROW_FORMAT = DYNAMIC;

/*Data for the table `sys_menu` */

insert into `sys_menu`(`menu_id`, `parent_id`, `title`, `code`, `name`, `path`, `url`, `type`, `icon`, `parent_name`,
                       `order_num`, `create_time`, `update_time`)
values (1, 0, '管理员管理', 'sys:system:index', 'system', '/system', '', '0', 'el-icon-s-tools', '顶级菜单', 1,
        '2021-12-04 18:52:39', '2023-02-18 20:48:21'),
       (2, 1, '管理员列表', 'sys:userList:index', 'sysUserList', '/sysUserList', '/system/sysUserList', '1',
        'el-icon-s-check', '系统管理', 1, '2021-12-04 18:59:44', '2022-03-30 18:50:33'),
       (3, 2, '新增', 'sys:user:add', '', '', '', '2', '', '用户管理', 1, '2022-03-16 21:58:35', NULL),
       (4, 2, '编辑', 'sys:user:edit', '', '', '', '2', '', '用户管理', 2, '2022-03-16 21:59:00', NULL),
       (5, 2, '删除', 'sys:user:delete', '', '', '', '2', '', '用户管理', 3, '2022-03-30 18:53:38', NULL),
       (6, 1, '角色管理', 'sys:sysRoleList:index', 'sysRoleList', '/sysRoleList', '/system/sysRoleList', '1', 'tree',
        '系统管理', 2, '2022-03-30 18:55:07', NULL),
       (7, 6, '新增', 'sys:sysRoleList:add', '', '', '', '2', '', '角色管理', 1, '2022-03-30 18:55:32', NULL),
       (8, 6, '编辑', 'sys:sysRoleList:edit', '', '', '', '2', '', '角色管理', 2, '2022-03-30 18:56:38', NULL),
       (9, 6, '删除', 'sys:sysRoleList:delete', '', '', '', '2', '', '角色管理', 3, '2022-03-30 18:57:01', NULL),
       (10, 1, '菜单管理', 'sys:sysMenuList:index', 'sysMenuList', '/sysMenuList', '/system/sysMenuList', '1', 'tree',
        '系统管理', 3, '2022-03-30 18:58:16', NULL),
       (11, 10, '新增', 'sys:sysMenuList:add', '', '', '', '2', '', '菜单管理', 1, '2022-03-30 18:58:34', NULL),
       (12, 10, '编辑', 'sys:sysMenuList:edit', '', '', '', '2', '', '菜单管理', 2, '2022-03-30 18:58:51', NULL),
       (13, 10, '删除', 'sys:sysMenuList:delete', '', '', '', '2', '', '菜单管理', 3, '2022-03-30 18:59:08', NULL),
       (14, 0, '学院管理', 'sys:colloge:index', 'colloge', '/colloge', '', '0', 'el-icon-house', '顶级菜单', 3,
        '2022-03-30 19:00:21', '2023-02-18 20:38:02'),
       (15, 14, '学院管理', 'sys:collogeList:index', 'collogeList', '/collogeList', '/colloge/collogeList', '1',
        'el-icon-school', '学院管理', 1, '2022-03-30 19:01:29', '2023-02-18 20:36:22'),
       (16, 15, '新增', 'sys:collogeList:add', '', '', '', '2', '', '学院管理', 1, '2022-03-30 19:01:52', NULL),
       (17, 15, '编辑', 'sys:collogeList:edit', '', '', '', '2', '', '学院管理', 2, '2022-03-30 19:02:08', NULL),
       (18, 15, '删除', 'sys:collogeList:delete', '', '', '', '2', '', '学院管理', 3, '2022-03-30 19:02:25', NULL),
       (19, 14, '专业管理', 'sys:majorList:index', 'majorList', '/majorList', '/colloge/majorList', '1', 'tree', '学院管理', 2,
        '2022-03-30 19:03:21', NULL),
       (20, 19, '新增', 'sys:majorList:add', '', '', '', '2', '', '专业管理', 1, '2022-03-30 19:03:43', NULL),
       (21, 19, '编辑', 'sys:majorList:edit', '', '', '', '2', '', '专业管理', 2, '2022-03-30 19:03:58', NULL),
       (22, 19, '删除', 'sys:majorList:delete', '', '', '', '2', '', '专业管理', 3, '2022-03-30 19:04:15', NULL),
       (23, 14, '班级管理', 'sys:classList:index', 'classList', '/classList', '/colloge/classList', '1', 'tree', '学院管理', 3,
        '2022-03-30 19:05:11', NULL),
       (24, 23, '新增', 'sys:classList:add', '', '', '', '2', '', '班级管理', 1, '2022-03-30 19:05:27', NULL),
       (25, 23, '编辑', 'sys:classList:edie', '', '', '', '2', '', '班级管理', 2, '2022-03-30 19:05:46', NULL),
       (26, 23, '删除', 'sys:classList:delete', '', '', '', '2', '', '班级管理', 3, '2022-03-30 19:06:01', NULL),
       (27, 0, '学生管理', 'sys:stuRoot:index', 'stuRoot', '/stuRoot', '', '0', 'el-icon-user', '顶级菜单', 4,
        '2022-03-30 19:07:15', '2023-02-18 17:39:36'),
       (28, 27, '学生列表', 'sys:stuList:index', 'stuList', '/stuList', '/student/stuList', '1', 'el-icon-user-solid',
        '学生管理', 5, '2022-03-30 19:08:12', '2023-02-18 17:43:31'),
       (29, 28, '新增', 'sys:stuList:add', '', '', '', '2', '', '学生列表', 1, '2022-03-30 19:08:28', NULL),
       (30, 28, '编辑', 'sys:stuList:edit', '', '', '', '2', '', '学生列表', 2, '2022-03-30 19:08:43', NULL),
       (31, 28, '删除', 'sys:stuList:delete', '', '', '', '2', '', '学生列表', 3, '2022-03-30 19:08:57', NULL),
       (32, 0, '宿舍管理', 'sys:buildRoot:index', 'buildRoot', '/buildRoot', '', '0', 'el-icon-s-home', '顶级菜单', 6,
        '2022-03-30 19:09:55', '2023-02-18 17:45:36'),
       (33, 32, '楼栋管理', 'sys:buildList:index', 'buildList', '/buildList', '/drom/buildList', '1', 'table', '宿舍管理', 7,
        '2022-03-30 19:11:01', NULL),
       (34, 33, '新增', 'sys:buildList:add', '', '', '', '2', '', '楼栋管理', 1, '2022-03-30 19:11:16', NULL),
       (35, 33, '编辑', 'sys:buildList:edit', '', '', '', '2', '', '楼栋管理', 2, '2022-03-30 19:11:32', NULL),
       (36, 33, '删除', 'sys:buildList:delete', '', '', '', '2', '', '楼栋管理', 3, '2022-03-30 19:11:50', NULL),
       (37, 32, '设置编号', 'sys:buildCode:index', 'buildCode', '/buildCode', '/drom/buildCode', '1', 'table', '宿舍管理', 8,
        '2022-03-30 19:12:43', NULL),
       (38, 37, '设置编号', 'sys:buildCode:add', '', '', '', '2', '', '设置编号', 1, '2022-03-30 19:12:57',
        '2022-04-11 15:17:21'),
       (41, 32, '床位管理', 'sys:houseList:index', 'houseList', '/houseList', '/drom/houseList', '1', 'table', '宿舍管理', 10,
        '2022-03-30 19:14:18', '2022-03-31 18:55:48'),
       (42, 41, '新增', 'sys:houseList:add', '', '', '', '2', '', '宿舍管理', 1, '2022-03-30 19:14:30', NULL),
       (43, 37, '初始化床位', 'sys:buildCode:initBed', '', '', '', '2', '', '设置编号', 4, '2022-03-30 19:15:51', NULL),
       (44, 32, '选择宿舍', 'sys:selectBed:index', 'selectBed', '/selectBed', '/drom/selectBed', '1', 'table', '宿舍管理', 11,
        '2022-03-30 19:17:55', '2022-03-31 18:55:38'),
       (45, 44, '选择', 'sys:selectBed:select', '', '', '', '2', '', '选择宿舍', 1, '2022-03-30 19:19:25', NULL),
       (49, 32, '分配宿舍', 'sys:assignRoom:index', 'assignRoom', '/assignRoom', '/drom/assignRoom', '1', 'table', '宿舍管理',
        10, '2022-04-01 17:38:32', NULL),
       (50, 49, '分配', 'sys:assignRoom:add', '', '', '', '2', '', '分配宿舍', 1, '2022-04-01 17:39:29', NULL),
       (51, 32, '我的宿舍', 'sys:drom:myBed', 'myBed', '/myBed', '/drom/myBed', '1', 'table', '宿舍管理', 15,
        '2022-04-05 11:55:12', NULL),
       (52, 32, '调换申请', 'sys:applyList:index', 'applyList', '/applyList', '/drom/applyList', '1', 'table', '宿舍管理', 17,
        '2022-04-06 18:19:03', NULL),
       (53, 52, '同意', 'sys:applyList:apply', '', '', '', '2', '', '调换申请', 1, '2022-04-06 18:37:52', NULL),
       (54, 52, '拒绝', 'sys:applyList:return', '', '', '', '2', '', '调换申请', 2, '2022-04-06 18:38:17', NULL),
       (55, 0, '考勤管理', 'sys:leave:leaveRoot', 'leaveRoot', '/leaveRoot', '', '0', 'table', '顶级菜单', 7,
        '2022-04-08 09:01:06', '2022-04-08 09:05:46'),
       (56, 55, '缺勤管理', 'sys:dromLeave:index', 'dromLeave', '/dromLeave', '/leave/index', '1', 'table', '考勤管理', 1,
        '2022-04-08 09:02:20', NULL),
       (57, 0, '报修管理', 'sys:repairRoot:index', 'repairRoot', '/repairRoot', '', '0', 'table', '顶级菜单', 8,
        '2022-04-08 18:56:51', NULL),
       (58, 57, '报修列表', 'sys:repair:index', 'repair', '/repair', '/repair/index', '1', 'table', '报修管理', 1,
        '2022-04-08 18:57:47', NULL),
       (62, 0, '公告管理', 'sys:rootNotice', 'rootNotice', '/rootNotice', '', '0', 'table', '顶级菜单', 10,
        '2022-04-10 15:15:48', NULL),
       (63, 62, '公告列表', 'sys:sysNotice:index', 'sysNotice', '/sysNotice', '/notice/index', '1', 'table', '公告管理', 1,
        '2022-04-10 15:16:53', NULL),
       (64, 63, '新增', 'sys:sysNotice:add', '', '', '', '2', '', '公告列表', 1, '2022-04-11 13:22:08', NULL),
       (65, 63, '编辑', 'sys:sysNotice:edit', '', '', '', '2', '', '公告列表', 2, '2022-04-11 13:22:27', NULL),
       (66, 63, '删除', 'sys:sysNotice:delete', '', '', '', '2', '', '公告列表', 3, '2022-04-11 13:22:50', NULL),
       (67, 58, '新增', 'sys:repair:add', '', '', '', '2', '', '报修列表', 1, '2022-04-11 14:52:01', NULL),
       (68, 58, '编辑', 'sys:repair:edit', '', '', '', '2', '', '报修列表', 2, '2022-04-11 14:52:17', NULL),
       (69, 58, '删除', 'sys:repair:delete', '', '', '', '2', '', '报修列表', 3, '2022-04-11 14:52:34', NULL),
       (70, 58, '处理', 'sys:repair:apply', '', '', '', '2', '', '报修列表', 4, '2022-04-11 14:54:04', '2022-04-11 14:54:35'),
       (71, 63, '查看', 'sys:sysNotice:look', '', '', '', '2', '', '公告列表', 1, '2022-04-11 14:59:01', NULL),
       (72, 6, '分配权限', 'sys:sysRoleList:assign', '', '', '', '2', '', '角色管理', 4, '2022-04-11 15:03:25', NULL),
       (73, 33, '新增层数', 'sys:buildList:addStorey', '', '', '', '2', '', '楼栋管理', 4, '2022-04-11 15:15:01', NULL),
       (74, 28, '重置密码', 'sys:stuList:reset', '', '', '', '2', '', '学生列表', 4, '2022-04-11 15:25:26', NULL);

/*Table structure for table `sys_notice` */

DROP TABLE IF EXISTS `sys_notice`;

CREATE TABLE `sys_notice`
(
    `notice_id`    int NOT NULL AUTO_INCREMENT COMMENT '主键',
    `notice_title` varchar(128) CHARACTER SET utf8mb4 COLLATE utf8mb4_bin DEFAULT NULL COMMENT '公告标题',
    `notice_text`  text CHARACTER SET utf8mb4 COLLATE utf8mb4_bin COMMENT '公告内容',
    `create_time`  datetime                                               DEFAULT NULL COMMENT '创建时间',
    PRIMARY KEY (`notice_id`) USING BTREE
) ENGINE = InnoDB
  AUTO_INCREMENT = 9
  DEFAULT CHARSET = utf8mb4
  COLLATE = utf8mb4_bin
  ROW_FORMAT = DYNAMIC;

/*Data for the table `sys_notice` */

insert into `sys_notice`(`notice_id`, `notice_title`, `notice_text`, `create_time`)
values (2, '放假通知', '放假时间为 2022-01-7放到 2023-2-27，大家关好门窗。', '2023-01-05 15:37:06'),
       (5, '测试', '出发了', '2023-02-13 10:01:36'),
       (6, '开学通知', '开学时间2023-02-27', '2023-02-14 01:51:52'),
       (7, '测测试', '111111', '2023-02-14 09:12:12'),
       (8, 'ceshi2', '2222', '2023-02-14 09:13:33');

/*Table structure for table `sys_role` */

DROP TABLE IF EXISTS `sys_role`;

CREATE TABLE `sys_role`
(
    `role_id`     int NOT NULL AUTO_INCREMENT COMMENT '角色id',
    `role_name`   varchar(36) CHARACTER SET utf8mb4 COLLATE utf8mb4_bin DEFAULT NULL COMMENT '角色名称',
    `role_type`   varchar(2) CHARACTER SET utf8mb4 COLLATE utf8mb4_bin  DEFAULT NULL COMMENT '角色类型 1：系统用户  2：学生',
    `remark`      varchar(64) CHARACTER SET utf8mb4 COLLATE utf8mb4_bin DEFAULT NULL COMMENT '备注',
    `create_time` datetime                                              DEFAULT NULL COMMENT '创建时间',
    `update_time` datetime                                              DEFAULT NULL COMMENT '更新时间',
    PRIMARY KEY (`role_id`) USING BTREE
) ENGINE = InnoDB
  AUTO_INCREMENT = 8
  DEFAULT CHARSET = utf8mb4
  COLLATE = utf8mb4_bin
  ROW_FORMAT = DYNAMIC;

/*Data for the table `sys_role` */

insert into `sys_role`(`role_id`, `role_name`, `role_type`, `remark`, `create_time`, `update_time`)
values (4, '学生', '2', '学生', '2021-12-01 17:51:43', '2023-02-13 09:56:06'),
       (5, '系统管理员', '1', '管理员', '2022-04-04 14:52:08', NULL),
       (7, '宿舍管理员', '1', '宿管', '2023-02-13 08:25:44', NULL);

/*Table structure for table `sys_role_menu` */

DROP TABLE IF EXISTS `sys_role_menu`;

CREATE TABLE `sys_role_menu`
(
    `role_menu_id` int NOT NULL AUTO_INCREMENT COMMENT '主键',
    `role_id`      int DEFAULT NULL COMMENT '角色id',
    `menu_id`      int DEFAULT NULL COMMENT '菜单id',
    PRIMARY KEY (`role_menu_id`) USING BTREE
) ENGINE = InnoDB
  AUTO_INCREMENT = 1652
  DEFAULT CHARSET = utf8mb4
  COLLATE = utf8mb4_bin
  ROW_FORMAT = DYNAMIC;

/*Data for the table `sys_role_menu` */

insert into `sys_role_menu`(`role_menu_id`, `role_id`, `menu_id`)
values (162, 1, 1),
       (163, 1, 2),
       (164, 1, 3),
       (165, 1, 4),
       (166, 1, 5),
       (167, 1, 6),
       (168, 1, 7),
       (169, 1, 8),
       (170, 1, 9),
       (171, 1, 10),
       (172, 1, 11),
       (173, 1, 12),
       (174, 1, 13),
       (175, 1, 14),
       (176, 1, 15),
       (177, 1, 16),
       (178, 1, 17),
       (179, 1, 18),
       (180, 1, 19),
       (181, 1, 20),
       (182, 1, 21),
       (183, 1, 22),
       (184, 1, 23),
       (185, 1, 24),
       (186, 1, 25),
       (187, 1, 26),
       (188, 1, 27),
       (189, 1, 28),
       (190, 1, 29),
       (191, 1, 30),
       (192, 1, 31),
       (193, 1, 33),
       (194, 1, 34),
       (195, 1, 35),
       (196, 1, 36),
       (197, 1, 37),
       (198, 1, 38),
       (199, 1, 39),
       (200, 1, 40),
       (201, 1, 43),
       (202, 1, 41),
       (203, 1, 42),
       (204, 1, 49),
       (205, 1, 50),
       (206, 1, 32),
       (1178, 6, 2),
       (1179, 6, 3),
       (1180, 6, 4),
       (1181, 6, 5),
       (1182, 6, 10),
       (1183, 6, 11),
       (1184, 6, 12),
       (1185, 6, 13),
       (1186, 6, 14),
       (1187, 6, 15),
       (1188, 6, 16),
       (1189, 6, 17),
       (1190, 6, 18),
       (1191, 6, 19),
       (1192, 6, 20),
       (1193, 6, 21),
       (1194, 6, 22),
       (1195, 6, 23),
       (1196, 6, 24),
       (1197, 6, 25),
       (1198, 6, 26),
       (1199, 6, 27),
       (1200, 6, 28),
       (1201, 6, 29),
       (1202, 6, 30),
       (1203, 6, 31),
       (1204, 6, 74),
       (1205, 6, 32),
       (1206, 6, 33),
       (1207, 6, 34),
       (1208, 6, 35),
       (1209, 6, 36),
       (1210, 6, 73),
       (1211, 6, 37),
       (1212, 6, 38),
       (1213, 6, 43),
       (1214, 6, 49),
       (1215, 6, 50),
       (1216, 6, 41),
       (1217, 6, 42),
       (1218, 6, 44),
       (1219, 6, 45),
       (1220, 6, 51),
       (1221, 6, 52),
       (1222, 6, 53),
       (1223, 6, 54),
       (1224, 6, 57),
       (1225, 6, 58),
       (1226, 6, 67),
       (1227, 6, 68),
       (1228, 6, 69),
       (1229, 6, 70),
       (1230, 6, 1),
       (1351, 1, 55),
       (1566, 4, 44),
       (1567, 4, 45),
       (1568, 4, 51),
       (1569, 4, 67),
       (1570, 4, 71),
       (1571, 4, 32),
       (1572, 4, 57),
       (1573, 4, 58),
       (1574, 4, 62),
       (1575, 4, 63),
       (1576, 5, 2),
       (1577, 5, 3),
       (1578, 5, 4),
       (1579, 5, 5),
       (1580, 5, 14),
       (1581, 5, 15),
       (1582, 5, 16),
       (1583, 5, 17),
       (1584, 5, 18),
       (1585, 5, 19),
       (1586, 5, 20),
       (1587, 5, 21),
       (1588, 5, 22),
       (1589, 5, 23),
       (1590, 5, 24),
       (1591, 5, 25),
       (1592, 5, 26),
       (1593, 5, 27),
       (1594, 5, 28),
       (1595, 5, 29),
       (1596, 5, 30),
       (1597, 5, 31),
       (1598, 5, 74),
       (1599, 5, 33),
       (1600, 5, 34),
       (1601, 5, 35),
       (1602, 5, 36),
       (1603, 5, 73),
       (1604, 5, 37),
       (1605, 5, 38),
       (1606, 5, 43),
       (1607, 5, 41),
       (1608, 5, 42),
       (1609, 5, 49),
       (1610, 5, 50),
       (1611, 5, 57),
       (1612, 5, 58),
       (1613, 5, 67),
       (1614, 5, 68),
       (1615, 5, 69),
       (1616, 5, 70),
       (1617, 5, 64),
       (1618, 5, 65),
       (1619, 5, 1),
       (1620, 5, 32),
       (1621, 5, 62),
       (1622, 5, 63),
       (1623, 7, 27),
       (1624, 7, 28),
       (1625, 7, 29),
       (1626, 7, 30),
       (1627, 7, 31),
       (1628, 7, 74),
       (1629, 7, 33),
       (1630, 7, 34),
       (1631, 7, 35),
       (1632, 7, 36),
       (1633, 7, 73),
       (1634, 7, 37),
       (1635, 7, 38),
       (1636, 7, 43),
       (1637, 7, 41),
       (1638, 7, 42),
       (1639, 7, 49),
       (1640, 7, 50),
       (1641, 7, 57),
       (1642, 7, 58),
       (1643, 7, 67),
       (1644, 7, 68),
       (1645, 7, 69),
       (1646, 7, 70),
       (1647, 7, 64),
       (1648, 7, 65),
       (1649, 7, 32),
       (1650, 7, 62),
       (1651, 7, 63);

/*Table structure for table `sys_user` */

DROP TABLE IF EXISTS `sys_user`;

CREATE TABLE `sys_user`
(
    `user_id`                    int NOT NULL AUTO_INCREMENT COMMENT '用户id',
    `username`                   varchar(36) CHARACTER SET utf8mb4 COLLATE utf8mb4_bin  DEFAULT NULL COMMENT '登录账户',
    `password`                   varchar(128) CHARACTER SET utf8mb4 COLLATE utf8mb4_bin DEFAULT NULL COMMENT '密码',
    `phone`                      varchar(13) CHARACTER SET utf8mb4 COLLATE utf8mb4_bin  DEFAULT NULL COMMENT '13',
    `email`                      varchar(36) CHARACTER SET utf8mb4 COLLATE utf8mb4_bin  DEFAULT NULL COMMENT '邮箱',
    `sex`                        varchar(2) CHARACTER SET utf8mb4 COLLATE utf8mb4_bin   DEFAULT NULL COMMENT '性别',
    `is_admin`                   varchar(2) CHARACTER SET utf8mb4 COLLATE utf8mb4_bin   DEFAULT NULL COMMENT '是否是管理员',
    `is_account_non_expired`     int                                                    DEFAULT NULL COMMENT '帐户是否过期(1 未过期，0已过期)',
    `is_account_non_locked`      int                                                    DEFAULT NULL COMMENT '帐户是否被锁定(1 未锁定，0已锁定)',
    `is_credentials_non_expired` int                                                    DEFAULT NULL COMMENT '密码是否过期(1 未过期，0已过期)',
    `is_enabled`                 int                                                    DEFAULT NULL COMMENT '帐户是否可用(1 可用，0 删除用户)',
    `nick_name`                  varbinary(36)                                          DEFAULT NULL COMMENT '姓名',
    `create_time`                datetime                                               DEFAULT NULL COMMENT '创建时间',
    `update_time`                datetime                                               DEFAULT NULL COMMENT '更新时间',
    PRIMARY KEY (`user_id`) USING BTREE
) ENGINE = InnoDB
  AUTO_INCREMENT = 19
  DEFAULT CHARSET = utf8mb4
  COLLATE = utf8mb4_bin
  ROW_FORMAT = DYNAMIC;

/*Data for the table `sys_user` */

insert into `sys_user`(`user_id`, `username`, `password`, `phone`, `email`, `sex`, `is_admin`, `is_account_non_expired`,
                       `is_account_non_locked`, `is_credentials_non_expired`, `is_enabled`, `nick_name`, `create_time`,
                       `update_time`)
values (10, 'root', '63a9f0ea7bb98050796b649e85481845', '15878006504', '843503530@qq.com', '0', '1', 1, 1, 1, 1, '小白狼',
        '2023-02-13 09:37:34', NULL),
       (14, 'sg1', '202cb962ac59075b964b07152d234b70', '15878006504', '843503530@qq.com', '1', '0', 1, 1, 1, 1, '小白狼2',
        '2023-02-14 01:47:34', NULL),
       (18, '1', 'c4ca4238a0b923820dcc509a6f75849b', '1', '1', '0', '1', 1, 1, 1, 1, '1', '2023-02-18 18:47:59',
        '2023-02-18 19:13:07');

/*Table structure for table `sys_user_role` */

DROP TABLE IF EXISTS `sys_user_role`;

CREATE TABLE `sys_user_role`
(
    `user_role_id` int NOT NULL AUTO_INCREMENT COMMENT '主键',
    `user_id`      int DEFAULT NULL COMMENT '用户id',
    `role_id`      int DEFAULT NULL COMMENT '角色id',
    PRIMARY KEY (`user_role_id`) USING BTREE
) ENGINE = InnoDB
  AUTO_INCREMENT = 28
  DEFAULT CHARSET = utf8mb4
  COLLATE = utf8mb4_bin
  ROW_FORMAT = DYNAMIC;

/*Data for the table `sys_user_role` */

insert into `sys_user_role`(`user_role_id`, `user_id`, `role_id`)
values (5, 5, 1),
       (6, 6, 4),
       (9, 8, 5),
       (10, 9, 6),
       (11, 10, 5),
       (12, 11, 7),
       (13, 12, 4),
       (16, 7, 5),
       (17, 14, 7),
       (20, 15, 7),
       (22, 16, 7),
       (25, 17, 7),
       (27, 18, 5);

/*!40101 SET SQL_MODE = @OLD_SQL_MODE */;
/*!40014 SET FOREIGN_KEY_CHECKS = @OLD_FOREIGN_KEY_CHECKS */;
/*!40014 SET UNIQUE_CHECKS = @OLD_UNIQUE_CHECKS */;
/*!40111 SET SQL_NOTES = @OLD_SQL_NOTES */;
